,actual_epochs,dataset.name,dataset.samples_train,gradient_norm_test,gradient_norm_train,log_dir,loss_test,loss_train,model.batch_size,model.epochs,model.error_threshold,model.hidden_size,model.init_scale,model.iteration,model.learning_rate,model.model_id,model.name,model.weights_product_reg_coef,path_length_d_test,path_length_d_train,path_length_f_test,path_length_f_train,weights_product,weights_rms
0,1141,mnist37,10000,0.7666151523590088,0.6943011283874512,./d.n=mnist37_m.lr=0.1_m.wprc=0,0.030817268416285515,2.5465444196015596e-05,64,15000,1e-05,256,0.01,0,0.1,d.n=mnist37_m.lr=0.1_m.wprc=0,shallow,0.0,2.704484462738037,2.7434685230255127,1.191058874130249,1.2475289106369019,16.691354751586914,0.015013973199831972
1,1188,mnist01,10000,0.4741668105125427,0.44152283668518066,./d.n=mnist01_m.lr=0.1_m.wprc=0,0.0014374911552295089,9.453650818613824e-06,64,15000,1e-05,256,0.01,0,0.1,d.n=mnist01_m.lr=0.1_m.wprc=0,shallow,0.0,1.3567267656326294,1.3899258375167847,1.0910122394561768,1.0448743104934692,7.480661869049072,0.010192804786863819
2,1118,mnist27,10000,0.9378993511199951,0.8963561058044434,./d.n=mnist27_m.lr=0.1_m.wprc=1e-05,0.03720172494649887,9.443311682844069e-06,64,15000,1e-05,256,0.01,0,0.1,d.n=mnist27_m.lr=0.1_m.wprc=1e-05,shallow,1e-05,2.780747175216675,2.775935649871826,1.1934378147125244,1.1975749731063843,16.778528213500977,0.015257845531676936
3,1170,mnist02,10000,0.6164190769195557,0.5474725365638733,./d.n=mnist02_m.lr=0.1_m.wprc=0,0.02044147439301014,9.84846155915875e-06,64,15000,1e-05,256,0.01,0,0.1,d.n=mnist02_m.lr=0.1_m.wprc=0,shallow,0.0,2.41595721244812,2.4263999462127686,1.2024836540222168,1.1819134950637817,15.260706901550293,0.014839843944595487
4,1314,mnist57,10000,0.6570932865142822,0.6171384453773499,./d.n=mnist57_m.lr=0.1_m.wprc=1e-05,0.021056517958641052,8.864134542818647e-06,64,15000,1e-05,256,0.01,0,0.1,d.n=mnist57_m.lr=0.1_m.wprc=1e-05,shallow,1e-05,2.420597791671753,2.4542629718780518,1.109925627708435,1.1639431715011597,11.826767921447754,0.013172782282452779
5,1383,mnist28,10000,0.9202293753623962,0.8539230823516846,./d.n=mnist28_m.lr=0.1_m.wprc=1e-05,0.03966134041547775,1.283222809433937e-05,64,15000,1e-05,256,0.01,0,0.1,d.n=mnist28_m.lr=0.1_m.wprc=1e-05,shallow,1e-05,3.260880947113037,3.27748441696167,1.314005970954895,1.354798674583435,20.215492248535156,0.017999829589694788
6,1893,mnist17,10000,0.9450719356536865,0.8697933554649353,./d.n=mnist17_m.lr=0.1_m.wprc=0,0.025468207895755768,7.95292180555407e-06,64,15000,1e-05,256,0.01,0,0.1,d.n=mnist17_m.lr=0.1_m.wprc=0,shallow,0.0,2.6023013591766357,2.706468105316162,1.0974477529525757,1.0928285121917725,15.838650703430176,0.01458743049620598
7,1635,mnist34,10000,0.5031124949455261,0.4627031981945038,./d.n=mnist34_m.lr=0.1_m.wprc=1e-05,0.01028347946703434,1.009032621368533e-05,64,15000,1e-05,256,0.01,0,0.1,d.n=mnist34_m.lr=0.1_m.wprc=1e-05,shallow,1e-05,2.1689603328704834,2.235569715499878,1.1295605897903442,1.1691447496414185,11.563958168029785,0.013478349600545907
8,1517,mnist15,10000,0.6270588636398315,0.6013667583465576,./d.n=mnist15_m.lr=0.1_m.wprc=0,0.008715931326150894,1.560352393426001e-05,64,15000,1e-05,256,0.01,0,0.1,d.n=mnist15_m.lr=0.1_m.wprc=0,shallow,0.0,2.3193235397338867,2.366476535797119,1.1519662141799927,1.1182949542999268,10.819412231445312,0.012410866286304629
9,1514,mnist08,10000,0.5978351831436157,0.5283455848693848,./d.n=mnist08_m.lr=0.1_m.wprc=0,0.020026229321956635,6.299787401076173e-06,64,15000,1e-05,256,0.01,0,0.1,d.n=mnist08_m.lr=0.1_m.wprc=0,shallow,0.0,2.253359794616699,2.283112049102783,1.1465202569961548,1.176418662071228,15.330615043640137,0.014804052121792283
10,1810,mnist36,10000,0.6447491645812988,0.5966633558273315,./d.n=mnist36_m.lr=0.1_m.wprc=1e-05,0.014774462208151817,1.0059462510980666e-05,64,15000,1e-05,256,0.01,0,0.1,d.n=mnist36_m.lr=0.1_m.wprc=1e-05,shallow,1e-05,2.2786130905151367,2.2917585372924805,1.115960717201233,1.2229975461959839,11.686595916748047,0.013740851517858069
11,1291,mnist67,10000,0.7618234753608704,0.7115143537521362,./d.n=mnist67_m.lr=0.1_m.wprc=1e-05,0.012911689467728138,1.608571437827777e-05,64,15000,1e-05,256,0.01,0,0.1,d.n=mnist67_m.lr=0.1_m.wprc=1e-05,shallow,1e-05,1.691446304321289,1.6924147605895996,1.0243504047393799,1.1076059341430664,7.1946940422058105,0.010897317587332372
12,1201,mnist58,10000,0.9702207446098328,0.8882330656051636,./d.n=mnist58_m.lr=0.1_m.wprc=1e-05,0.046790581196546555,8.463962331006769e-06,64,15000,1e-05,256,0.01,0,0.1,d.n=mnist58_m.lr=0.1_m.wprc=1e-05,shallow,1e-05,3.9308483600616455,3.9918291568756104,1.28209388256073,1.3910900354385376,21.22053337097168,0.019087426858784628
13,2797,mnist49,10000,1.5439763069152832,1.3927377462387085,./d.n=mnist49_m.lr=0.1_m.wprc=0,0.08496405184268951,2.2644433556706645e-05,64,15000,1e-05,256,0.01,0,0.1,d.n=mnist49_m.lr=0.1_m.wprc=0,shallow,0.0,5.841573715209961,5.872764587402344,1.2632865905761719,1.3434926271438599,37.00107955932617,0.026057593326519645
14,1281,mnist29,10000,0.7443692684173584,0.7291209697723389,./d.n=mnist29_m.lr=0.1_m.wprc=1e-05,0.02401394210755825,1.0029889381257817e-05,64,15000,1e-05,256,0.01,0,0.1,d.n=mnist29_m.lr=0.1_m.wprc=1e-05,shallow,1e-05,2.302276849746704,2.305270195007324,1.1411850452423096,1.1469464302062988,13.011594772338867,0.014107236143260019
15,1149,mnist09,10000,0.6803365349769592,0.6190763711929321,./d.n=mnist09_m.lr=0.1_m.wprc=0,0.019257202744483948,1.0860987458727323e-05,64,15000,1e-05,256,0.01,0,0.1,d.n=mnist09_m.lr=0.1_m.wprc=0,shallow,0.0,2.1340761184692383,2.165012836456299,1.12703275680542,1.1715073585510254,13.336161613464355,0.013621672425724402
16,993,mnist56,10000,0.8194739818572998,0.773099958896637,./d.n=mnist56_m.lr=0.1_m.wprc=0,0.03825469687581062,1.1249255294387694e-05,64,15000,1e-05,256,0.01,0,0.1,d.n=mnist56_m.lr=0.1_m.wprc=0,shallow,0.0,3.247342586517334,3.4170711040496826,1.2238513231277466,1.2851579189300537,19.912906646728516,0.01665868855987089
17,1624,mnist37,10000,0.7601295113563538,0.6895254850387573,./d.n=mnist37_m.lr=0.1_m.wprc=1e-05,0.030499015003442764,2.5530223865644075e-05,64,15000,1e-05,256,0.01,0,0.1,d.n=mnist37_m.lr=0.1_m.wprc=1e-05,shallow,1e-05,2.688966751098633,2.6816294193267822,1.1840087175369263,1.2231833934783936,15.490462303161621,0.014877598558670989
18,2640,mnist16,10000,0.5257907509803772,0.5022778511047363,./d.n=mnist16_m.lr=0.1_m.wprc=1e-05,0.014622922986745834,3.2818064937600866e-05,64,15000,1e-05,256,0.01,0,0.1,d.n=mnist16_m.lr=0.1_m.wprc=1e-05,shallow,1e-05,1.8330590724945068,1.826215386390686,1.0940600633621216,1.1256839036941528,9.228845596313477,0.012093883234567188
19,1504,mnist01,10000,0.4385930597782135,0.4148706793785095,./d.n=mnist01_m.lr=0.1_m.wprc=1e-05,0.0013206341536715627,6.347167527565034e-06,64,15000,1e-05,256,0.01,0,0.1,d.n=mnist01_m.lr=0.1_m.wprc=1e-05,shallow,1e-05,1.235363483428955,1.280563235282898,1.0925512313842773,1.0836211442947388,6.768022060394287,0.009879210126243584
20,4182,mnist37,10000,0.9600958228111267,0.9478764533996582,./d.n=mnist37_m.lr=0.01_m.wprc=0,0.03162606805562973,9.725902600621339e-06,64,15000,1e-05,256,0.01,0,0.01,d.n=mnist37_m.lr=0.01_m.wprc=0,shallow,0.0,3.886160135269165,4.177499294281006,1.087129831314087,1.0900944471359253,13.825369834899902,0.012135861131225166
21,2573,mnist05,10000,0.9037262201309204,0.821211040019989,./d.n=mnist05_m.lr=0.1_m.wprc=0,0.025035414844751358,2.5306251700385474e-05,64,15000,1e-05,256,0.01,0,0.1,d.n=mnist05_m.lr=0.1_m.wprc=0,shallow,0.0,3.1684622764587402,3.0839812755584717,1.1736047267913818,1.1676108837127686,16.964702606201172,0.017560056748598774
22,3261,mnist01,10000,0.5620303750038147,0.5514956116676331,./d.n=mnist01_m.lr=0.01_m.wprc=0,0.0004534180334303528,9.024100108945277e-06,64,15000,1e-05,256,0.01,0,0.01,d.n=mnist01_m.lr=0.01_m.wprc=0,shallow,0.0,1.8581526279449463,1.8765113353729248,0.9498581290245056,1.0075993537902832,6.457649230957031,0.008698230700909967
23,3450,mnist35,10000,1.2735129594802856,1.2048017978668213,./d.n=mnist35_m.lr=0.01_m.wprc=1e-05,0.038081713020801544,2.0609046259778552e-05,64,15000,1e-05,256,0.01,0,0.01,d.n=mnist35_m.lr=0.01_m.wprc=1e-05,shallow,1e-05,6.186445236206055,6.30559778213501,1.1889352798461914,1.198398470878601,19.381322860717773,0.014612059762184564
24,1131,mnist69,10000,0.8081174492835999,0.771760880947113,./d.n=mnist69_m.lr=0.1_m.wprc=0,0.013986478559672832,1.1050975444959477e-05,64,15000,1e-05,256,0.01,0,0.1,d.n=mnist69_m.lr=0.1_m.wprc=0,shallow,0.0,1.7800877094268799,1.8569267988204956,1.0898349285125732,1.1302738189697266,9.492504119873047,0.01218678352410345
25,3212,mnist45,10000,0.5610283017158508,0.5489246845245361,./d.n=mnist45_m.lr=0.01_m.wprc=0,0.00862271897494793,1.868830804596655e-05,64,15000,1e-05,256,0.01,0,0.01,d.n=mnist45_m.lr=0.01_m.wprc=0,shallow,0.0,3.790799856185913,3.783268928527832,1.0385457277297974,1.114640474319458,11.335806846618652,0.010989623005156504
26,3630,mnist57,10000,0.9008885622024536,0.8782031536102295,./d.n=mnist57_m.lr=0.01_m.wprc=0,0.018917983397841454,1.0377213584433775e-05,64,15000,1e-05,256,0.01,0,0.01,d.n=mnist57_m.lr=0.01_m.wprc=0,shallow,0.0,3.4000425338745117,3.604536533355713,1.016268253326416,1.0407265424728394,10.958412170410156,0.010829533054112415
27,2386,mnist48,10000,0.6679958701133728,0.6318707466125488,./d.n=mnist48_m.lr=0.1_m.wprc=1e-05,0.020943570882081985,7.135224677767837e-06,64,15000,1e-05,256,0.01,0,0.1,d.n=mnist48_m.lr=0.1_m.wprc=1e-05,shallow,1e-05,2.770514726638794,2.758795738220215,1.1812255382537842,1.2545136213302612,15.423041343688965,0.01632985614875315
28,931,mnist27,10000,0.9754676222801208,0.933468759059906,./d.n=mnist27_m.lr=0.1_m.wprc=0,0.035491492599248886,1.1010790331056342e-05,64,15000,1e-05,256,0.01,0,0.1,d.n=mnist27_m.lr=0.1_m.wprc=0,shallow,0.0,2.8626351356506348,2.915790557861328,1.1605157852172852,1.2795019149780273,18.053037643432617,0.015602275391628636
29,4666,mnist59,10000,0.9879138469696045,0.962865948677063,./d.n=mnist59_m.lr=0.01_m.wprc=1e-05,0.028647838160395622,2.419307202217169e-05,64,15000,1e-05,256,0.01,0,0.01,d.n=mnist59_m.lr=0.01_m.wprc=1e-05,shallow,1e-05,4.671703338623047,4.802918434143066,1.0918591022491455,1.111802577972412,14.337369918823242,0.012594318522962267
30,4054,mnist36,10000,0.729772686958313,0.710498034954071,./d.n=mnist36_m.lr=0.01_m.wprc=0,0.010344984009861946,1.0537763046158943e-05,64,15000,1e-05,256,0.01,0,0.01,d.n=mnist36_m.lr=0.01_m.wprc=0,shallow,0.0,3.0007972717285156,3.2055444717407227,1.0200483798980713,1.055826187133789,8.918754577636719,0.009987869769150703
31,4764,mnist16,10000,0.7491492629051208,0.7194076180458069,./d.n=mnist16_m.lr=0.01_m.wprc=1e-05,0.013021469116210938,9.606059393263422e-06,64,15000,1e-05,256,0.01,0,0.01,d.n=mnist16_m.lr=0.01_m.wprc=1e-05,shallow,1e-05,2.760575532913208,2.8093578815460205,1.0278851985931396,1.0339536666870117,8.27921199798584,0.009648691702913322
32,4901,mnist49,10000,1.4231889247894287,1.364141821861267,./d.n=mnist49_m.lr=0.01_m.wprc=1e-05,0.06507422775030136,1.8121085304301232e-05,64,15000,1e-05,256,0.01,0,0.01,d.n=mnist49_m.lr=0.01_m.wprc=1e-05,shallow,1e-05,7.5371599197387695,7.494105339050293,1.2347954511642456,1.1904008388519287,23.07649803161621,0.016301198897243088
33,2865,mnist68,10000,0.813450813293457,0.7608341574668884,./d.n=mnist68_m.lr=0.1_m.wprc=1e-05,0.03438480198383331,9.428274097444955e-06,64,15000,1e-05,256,0.01,0,0.1,d.n=mnist68_m.lr=0.1_m.wprc=1e-05,shallow,1e-05,2.7618672847747803,2.8322930335998535,1.1918213367462158,1.2234201431274414,16.96304702758789,0.017111432430550556
34,1513,mnist59,10000,0.7426505088806152,0.6965366005897522,./d.n=mnist59_m.lr=0.1_m.wprc=1e-05,0.03419157862663269,1.0703150110202841e-05,64,15000,1e-05,256,0.01,0,0.1,d.n=mnist59_m.lr=0.1_m.wprc=1e-05,shallow,1e-05,3.07492733001709,3.118537664413452,1.1899820566177368,1.1871875524520874,17.229808807373047,0.01619702279776258
35,3763,mnist02,10000,0.6119747757911682,0.5894603729248047,./d.n=mnist02_m.lr=0.01_m.wprc=0,0.01577194407582283,1.606613841431681e-05,64,15000,1e-05,256,0.01,0,0.01,d.n=mnist02_m.lr=0.01_m.wprc=0,shallow,0.0,3.63706374168396,3.6483750343322754,1.0613023042678833,1.0767525434494019,11.349820137023926,0.011158888702722589
36,3484,mnist24,10000,0.6665589809417725,0.6722232103347778,./d.n=mnist24_m.lr=0.01_m.wprc=1e-05,0.021298516541719437,2.0953537386958487e-05,64,15000,1e-05,256,0.01,0,0.01,d.n=mnist24_m.lr=0.01_m.wprc=1e-05,shallow,1e-05,3.640639543533325,3.6196694374084473,1.052778959274292,1.0847980976104736,11.872241020202637,0.011250645302002111
37,1984,mnist69,10000,0.8382908701896667,0.8212303519248962,./d.n=mnist69_m.lr=0.1_m.wprc=1e-05,0.014265901409089565,7.222695330710849e-06,64,15000,1e-05,256,0.01,0,0.1,d.n=mnist69_m.lr=0.1_m.wprc=1e-05,shallow,1e-05,1.8148380517959595,1.8546552658081055,1.0747458934783936,1.122696876525879,9.084638595581055,0.012892833210675093
38,5616,mnist68,10000,0.8345293402671814,0.8015937209129333,./d.n=mnist68_m.lr=0.01_m.wprc=1e-05,0.0262775681912899,1.773934309312608e-05,64,15000,1e-05,256,0.01,0,0.01,d.n=mnist68_m.lr=0.01_m.wprc=1e-05,shallow,1e-05,4.07542610168457,4.086869239807129,1.0800820589065552,1.0460474491119385,12.694302558898926,0.01200206674911035
39,3779,mnist26,10000,0.7705270648002625,0.7836329340934753,./d.n=mnist26_m.lr=0.01_m.wprc=0,0.02402334474027157,1.027242706186371e-05,64,15000,1e-05,256,0.01,0,0.01,d.n=mnist26_m.lr=0.01_m.wprc=0,shallow,0.0,3.8979575634002686,3.998985767364502,1.0946526527404785,1.1492093801498413,12.291719436645508,0.011556124618384128
40,1479,mnist39,10000,0.7747606039047241,0.7319064736366272,./d.n=mnist39_m.lr=0.1_m.wprc=1e-05,0.0363617017865181,1.1707244993885979e-05,64,15000,1e-05,256,0.01,0,0.1,d.n=mnist39_m.lr=0.1_m.wprc=1e-05,shallow,1e-05,3.0208287239074707,3.0364584922790527,1.1615691184997559,1.231288194656372,18.25353240966797,0.016438563476252947
41,8946,mnist18,10000,1.110071063041687,1.089229941368103,./d.n=mnist18_m.lr=0.01_m.wprc=0,0.00922255590558052,1.1038912816729862e-05,64,15000,1e-05,256,0.01,0,0.01,d.n=mnist18_m.lr=0.01_m.wprc=0,shallow,0.0,4.896361827850342,4.938007831573486,1.2081927061080933,1.232574462890625,15.757591247558594,0.012969070288991401
42,6523,mnist13,10000,0.8310083746910095,0.7961899638175964,./d.n=mnist13_m.lr=0.01_m.wprc=0,0.011107083410024643,1.060892827808857e-05,64,15000,1e-05,256,0.01,0,0.01,d.n=mnist13_m.lr=0.01_m.wprc=0,shallow,0.0,3.5163869857788086,3.635833501815796,1.0628572702407837,1.0365512371063232,11.691770553588867,0.011172400532227952
43,2714,mnist13,10000,0.588484525680542,0.5530825853347778,./d.n=mnist13_m.lr=0.1_m.wprc=1e-05,0.013461895287036896,9.02418378245784e-06,64,15000,1e-05,256,0.01,0,0.1,d.n=mnist13_m.lr=0.1_m.wprc=1e-05,shallow,1e-05,2.190279245376587,2.300487995147705,1.1426880359649658,1.136911392211914,11.765161514282227,0.013026974333387883
44,926,mnist67,10000,0.7623445391654968,0.7107667922973633,./d.n=mnist67_m.lr=0.1_m.wprc=0,0.012294710613787174,1.1997451110801194e-05,64,15000,1e-05,256,0.01,0,0.1,d.n=mnist67_m.lr=0.1_m.wprc=0,shallow,0.0,1.7402234077453613,1.7142176628112793,1.0958681106567383,1.0924633741378784,7.7068681716918945,0.010947942044389694
45,4735,mnist39,10000,0.9736707210540771,0.9520974159240723,./d.n=mnist39_m.lr=0.01_m.wprc=1e-05,0.028342630714178085,1.017997601593379e-05,64,15000,1e-05,256,0.01,0,0.01,d.n=mnist39_m.lr=0.01_m.wprc=1e-05,shallow,1e-05,4.972865581512451,4.865683078765869,1.0614137649536133,1.1161415576934814,15.036399841308594,0.012938948495566493
46,3961,mnist29,10000,1.0428998470306396,1.0353293418884277,./d.n=mnist29_m.lr=0.01_m.wprc=0,0.021625297144055367,7.575574272777885e-06,64,15000,1e-05,256,0.01,0,0.01,d.n=mnist29_m.lr=0.01_m.wprc=0,shallow,0.0,3.674379587173462,3.6632983684539795,1.099084734916687,1.111783742904663,11.963027954101562,0.011377194214933044
47,3640,mnist45,10000,0.5685417056083679,0.5586854219436646,./d.n=mnist45_m.lr=0.01_m.wprc=1e-05,0.00856103841215372,9.978998605220113e-06,64,15000,1e-05,256,0.01,0,0.01,d.n=mnist45_m.lr=0.01_m.wprc=1e-05,shallow,1e-05,3.6016225814819336,3.5955166816711426,1.043825387954712,1.102816104888916,11.06698226928711,0.01086403514170138
48,4933,mnist37,10000,0.9161709547042847,0.8984453082084656,./d.n=mnist37_m.lr=0.01_m.wprc=1e-05,0.030721373856067657,1.4202102647686843e-05,64,15000,1e-05,256,0.01,0,0.01,d.n=mnist37_m.lr=0.01_m.wprc=1e-05,shallow,1e-05,4.150745868682861,4.038048267364502,1.0498663187026978,1.0895732641220093,13.395289421081543,0.012002408016582656
49,6894,mnist14,10000,0.6850314736366272,0.6611997485160828,./d.n=mnist14_m.lr=0.01_m.wprc=0,0.00424691429361701,8.815034561848734e-06,64,15000,1e-05,256,0.01,0,0.01,d.n=mnist14_m.lr=0.01_m.wprc=0,shallow,0.0,3.2206788063049316,3.2684285640716553,1.0464394092559814,1.0798614025115967,10.614474296569824,0.010690871588427037
50,3408,mnist58,10000,1.0584430694580078,1.0173866748809814,./d.n=mnist58_m.lr=0.01_m.wprc=0,0.0394454225897789,1.2506506209319923e-05,64,15000,1e-05,256,0.01,0,0.01,d.n=mnist58_m.lr=0.01_m.wprc=0,shallow,0.0,5.65690803527832,5.75689172744751,1.2187302112579346,1.2777982950210571,18.177921295166016,0.01400474859974946
51,7970,mnist19,10000,0.9224692583084106,0.9139857888221741,./d.n=mnist19_m.lr=0.01_m.wprc=0,0.014712105505168438,1.2296904060349334e-05,64,15000,1e-05,256,0.01,0,0.01,d.n=mnist19_m.lr=0.01_m.wprc=0,shallow,0.0,3.468559503555298,3.629128932952881,1.0375887155532837,1.094171166419983,11.83092975616455,0.011194329773533346
52,7382,mnist14,10000,0.7082869410514832,0.6855617761611938,./d.n=mnist14_m.lr=0.01_m.wprc=1e-05,0.0039057594258338213,1.0924806701950729e-05,64,15000,1e-05,256,0.01,0,0.01,d.n=mnist14_m.lr=0.01_m.wprc=1e-05,shallow,1e-05,2.9931247234344482,3.1016860008239746,1.0637915134429932,1.0685988664627075,10.409314155578613,0.010618475757613089
53,1452,mnist23,10000,0.843947172164917,0.7791839241981506,./d.n=mnist23_m.lr=0.1_m.wprc=1e-05,0.03476354479789734,6.820430826337542e-06,64,15000,1e-05,256,0.01,0,0.1,d.n=mnist23_m.lr=0.1_m.wprc=1e-05,shallow,1e-05,3.4988975524902344,3.4566264152526855,1.2625190019607544,1.276634693145752,21.400861740112305,0.01864897273168588
54,1112,mnist59,10000,0.7470464110374451,0.7021215558052063,./d.n=mnist59_m.lr=0.1_m.wprc=0,0.03454846143722534,3.836264295387082e-05,64,15000,1e-05,256,0.01,0,0.1,d.n=mnist59_m.lr=0.1_m.wprc=0,shallow,0.0,3.0602076053619385,3.2803070545196533,1.1813857555389404,1.256536602973938,18.821414947509766,0.01641897274930128
55,4308,mnist48,10000,0.6418378949165344,0.617365837097168,./d.n=mnist48_m.lr=0.01_m.wprc=0,0.013603562489151955,1.1163767339894548e-05,64,15000,1e-05,256,0.01,0,0.01,d.n=mnist48_m.lr=0.01_m.wprc=0,shallow,0.0,3.9627339839935303,4.125935077667236,1.0424457788467407,1.068909764289856,11.938055992126465,0.011596257331872238
56,3432,mnist07,10000,0.8104928731918335,0.8088142275810242,./d.n=mnist07_m.lr=0.01_m.wprc=0,0.007761210668832064,1.6255060472758487e-05,64,15000,1e-05,256,0.01,0,0.01,d.n=mnist07_m.lr=0.01_m.wprc=0,shallow,0.0,2.556516170501709,2.6213936805725098,0.9967793226242065,1.0173403024673462,7.88329553604126,0.009435043530166899
57,1228,mnist39,10000,0.77913498878479,0.7344059944152832,./d.n=mnist39_m.lr=0.1_m.wprc=0,0.03402135521173477,7.0156529545784e-06,64,15000,1e-05,256,0.01,0,0.1,d.n=mnist39_m.lr=0.1_m.wprc=0,shallow,0.0,2.9334845542907715,3.098104953765869,1.151534914970398,1.2896958589553833,19.72600746154785,0.01663398856882727
58,3816,mnist03,10000,0.43264973163604736,0.4176267683506012,./d.n=mnist03_m.lr=0.01_m.wprc=0,0.0031222363468259573,1.0548571481194813e-05,64,15000,1e-05,256,0.01,0,0.01,d.n=mnist03_m.lr=0.01_m.wprc=0,shallow,0.0,2.9544031620025635,3.024354934692383,1.0133603811264038,1.0375070571899414,9.200860023498535,0.010218612333745335
59,3858,mnist03,10000,0.4135676622390747,0.403004914522171,./d.n=mnist03_m.lr=0.01_m.wprc=1e-05,0.003241088008508086,1.575996429892257e-05,64,15000,1e-05,256,0.01,0,0.01,d.n=mnist03_m.lr=0.01_m.wprc=1e-05,shallow,1e-05,2.889883518218994,2.8354012966156006,1.062069058418274,1.0549346208572388,8.930896759033203,0.010056654171836907
60,2276,mnist47,10000,0.7524210810661316,0.6671305894851685,./d.n=mnist47_m.lr=0.1_m.wprc=1e-05,0.024225762113928795,1.1753040780604351e-05,64,15000,1e-05,256,0.01,0,0.1,d.n=mnist47_m.lr=0.1_m.wprc=1e-05,shallow,1e-05,2.9619195461273193,2.9523870944976807,1.1320534944534302,1.1759257316589355,17.32415771484375,0.016417637622831185
61,3833,mnist05,10000,0.8027528524398804,0.7773476839065552,./d.n=mnist05_m.lr=0.01_m.wprc=0,0.01362550351768732,8.947107744461391e-06,64,15000,1e-05,256,0.01,0,0.01,d.n=mnist05_m.lr=0.01_m.wprc=0,shallow,0.0,3.729111671447754,3.7509891986846924,1.104627251625061,1.1696927547454834,11.829096794128418,0.011412062783347767
62,5572,mnist15,10000,1.027212142944336,1.0040923357009888,./d.n=mnist15_m.lr=0.01_m.wprc=0,0.006758693140000105,1.3190954632591456e-05,64,15000,1e-05,256,0.01,0,0.01,d.n=mnist15_m.lr=0.01_m.wprc=0,shallow,0.0,3.411668062210083,3.440131187438965,1.0308157205581665,0.9825383424758911,9.97382640838623,0.01034266881103212
63,7517,mnist13,10000,0.8140047788619995,0.7888432741165161,./d.n=mnist13_m.lr=0.01_m.wprc=1e-05,0.010029228404164314,2.1327450667740777e-05,64,15000,1e-05,256,0.01,0,0.01,d.n=mnist13_m.lr=0.01_m.wprc=1e-05,shallow,1e-05,3.3361566066741943,3.4963607788085938,1.0342795848846436,1.1138054132461548,11.056097984313965,0.010890363406519596
64,1170,mnist26,10000,0.6500558853149414,0.6202048063278198,./d.n=mnist26_m.lr=0.1_m.wprc=1e-05,0.02586338110268116,6.38588062429335e-06,64,15000,1e-05,256,0.01,0,0.1,d.n=mnist26_m.lr=0.1_m.wprc=1e-05,shallow,1e-05,2.5531537532806396,2.6513779163360596,1.1952310800552368,1.2287265062332153,13.953330993652344,0.014235183809769623
65,4426,mnist05,10000,0.7526144981384277,0.7353829145431519,./d.n=mnist05_m.lr=0.01_m.wprc=1e-05,0.013371418230235577,9.174578735837713e-06,64,15000,1e-05,256,0.01,0,0.01,d.n=mnist05_m.lr=0.01_m.wprc=1e-05,shallow,1e-05,3.8048641681671143,3.768265962600708,1.114006757736206,1.1014827489852905,11.403785705566406,0.011331762541573207
66,1749,mnist06,10000,0.7734900116920471,0.6726815104484558,./d.n=mnist06_m.lr=0.1_m.wprc=0,0.032781556248664856,4.076271579833701e-05,64,15000,1e-05,256,0.01,0,0.1,d.n=mnist06_m.lr=0.1_m.wprc=0,shallow,0.0,2.5280086994171143,2.4724864959716797,1.2106945514678955,1.212209939956665,16.455305099487305,0.01599524241695727
67,4252,mnist27,10000,1.4322255849838257,1.4212968349456787,./d.n=mnist27_m.lr=0.01_m.wprc=1e-05,0.03699057176709175,1.0708238733059261e-05,64,15000,1e-05,256,0.01,0,0.01,d.n=mnist27_m.lr=0.01_m.wprc=1e-05,shallow,1e-05,4.67827844619751,4.705948352813721,1.1484390497207642,1.1327165365219116,15.465559959411621,0.012818608205932933
68,1205,mnist35,10000,0.9775441884994507,0.8865998387336731,./d.n=mnist35_m.lr=0.1_m.wprc=1e-05,0.04899488389492035,9.431434591533616e-06,64,15000,1e-05,256,0.01,0,0.1,d.n=mnist35_m.lr=0.1_m.wprc=1e-05,shallow,1e-05,4.122342109680176,4.018283367156982,1.2726969718933105,1.3165712356567383,23.00620460510254,0.01902740121855291
69,3705,mnist34,10000,0.419357568025589,0.40741631388664246,./d.n=mnist34_m.lr=0.01_m.wprc=0,0.006484984885901213,8.758349395066034e-06,64,15000,1e-05,256,0.01,0,0.01,d.n=mnist34_m.lr=0.01_m.wprc=0,shallow,0.0,3.3956820964813232,3.312835693359375,1.0291908979415894,1.0155484676361084,9.725192070007324,0.010346876392966763
70,8253,mnist12,10000,1.2283602952957153,1.2211261987686157,./d.n=mnist12_m.lr=0.01_m.wprc=1e-05,0.015791699290275574,2.58885611401638e-05,64,15000,1e-05,256,0.01,0,0.01,d.n=mnist12_m.lr=0.01_m.wprc=1e-05,shallow,1e-05,3.962655782699585,3.715033769607544,1.1107048988342285,1.1442890167236328,12.55451774597168,0.011586690997143207
71,3063,mnist01,10000,0.531703770160675,0.5222299695014954,./d.n=mnist01_m.lr=0.01_m.wprc=1e-05,0.00041530164889991283,1.0192696208832785e-05,64,15000,1e-05,256,0.01,0,0.01,d.n=mnist01_m.lr=0.01_m.wprc=1e-05,shallow,1e-05,1.7435429096221924,1.9047514200210571,0.9820119738578796,1.046081304550171,6.09189510345459,0.008531972587342788
72,4203,mnist16,10000,0.7934896349906921,0.7656193375587463,./d.n=mnist16_m.lr=0.01_m.wprc=0,0.013288093730807304,1.2028219316562172e-05,64,15000,1e-05,256,0.01,0,0.01,d.n=mnist16_m.lr=0.01_m.wprc=0,shallow,0.0,2.8142788410186768,2.8065061569213867,0.9647871851921082,1.0160166025161743,8.670760154724121,0.009776173249364223
73,2622,mnist17,10000,0.90134596824646,0.8278596997261047,./d.n=mnist17_m.lr=0.1_m.wprc=1e-05,0.026606185361742973,9.25753829505993e-06,64,15000,1e-05,256,0.01,0,0.1,d.n=mnist17_m.lr=0.1_m.wprc=1e-05,shallow,1e-05,2.612874984741211,2.538801908493042,1.0700539350509644,1.1446877717971802,13.988629341125488,0.014027569500822297
74,3276,mnist19,10000,0.5950927734375,0.6009364724159241,./d.n=mnist19_m.lr=0.1_m.wprc=1e-05,0.016349297016859055,1.3425135875877459e-05,64,15000,1e-05,256,0.01,0,0.1,d.n=mnist19_m.lr=0.1_m.wprc=1e-05,shallow,1e-05,2.092515230178833,2.145406723022461,1.042702317237854,1.0801125764846802,11.145837783813477,0.012872521118757795
75,3490,mnist38,10000,1.092697262763977,1.0405021905899048,./d.n=mnist38_m.lr=0.01_m.wprc=1e-05,0.040369950234889984,1.059057376551209e-05,64,15000,1e-05,256,0.01,0,0.01,d.n=mnist38_m.lr=0.01_m.wprc=1e-05,shallow,1e-05,5.646121978759766,5.614306449890137,1.2047992944717407,1.2438040971755981,18.395957946777344,0.014407075842516872
76,4223,mnist29,10000,0.9999634623527527,0.9959820508956909,./d.n=mnist29_m.lr=0.01_m.wprc=1e-05,0.023596514016389847,3.6438101233216e-05,64,15000,1e-05,256,0.01,0,0.01,d.n=mnist29_m.lr=0.01_m.wprc=1e-05,shallow,1e-05,3.6156156063079834,3.654552459716797,1.0651183128356934,1.04171621799469,11.475554466247559,0.011153208419415854
77,1565,mnist04,10000,0.4882151484489441,0.4528001546859741,./d.n=mnist04_m.lr=0.1_m.wprc=1e-05,0.009342159144580364,1.0958277016470674e-05,64,15000,1e-05,256,0.01,0,0.1,d.n=mnist04_m.lr=0.1_m.wprc=1e-05,shallow,1e-05,1.913362979888916,1.8287616968154907,1.1271677017211914,1.2041586637496948,10.040663719177246,0.012427581984436454
78,1081,mnist57,10000,0.6702662110328674,0.6269327402114868,./d.n=mnist57_m.lr=0.1_m.wprc=0,0.02186187170445919,3.2254709367407486e-05,64,15000,1e-05,256,0.01,0,0.1,d.n=mnist57_m.lr=0.1_m.wprc=0,shallow,0.0,2.5398335456848145,2.571941375732422,1.1307564973831177,1.1721969842910767,12.73501205444336,0.013347693990796258
79,1912,mnist19,10000,0.6148093342781067,0.6228989362716675,./d.n=mnist19_m.lr=0.1_m.wprc=0,0.01645766757428646,9.348843377665617e-06,64,15000,1e-05,256,0.01,0,0.1,d.n=mnist19_m.lr=0.1_m.wprc=0,shallow,0.0,2.0727434158325195,2.204832077026367,1.0560708045959473,1.1311931610107422,12.83151912689209,0.013151613630537823
80,3064,mnist35,10000,1.324752926826477,1.2528022527694702,./d.n=mnist35_m.lr=0.01_m.wprc=0,0.04170560464262962,1.1115535016870126e-05,64,15000,1e-05,256,0.01,0,0.01,d.n=mnist35_m.lr=0.01_m.wprc=0,shallow,0.0,6.242705821990967,6.296617031097412,1.2016823291778564,1.198642611503601,19.908218383789062,0.014739200180278491
81,1241,mnist48,10000,0.662153959274292,0.6203709244728088,./d.n=mnist48_m.lr=0.1_m.wprc=0,0.022811133414506912,1.647042518015951e-05,64,15000,1e-05,256,0.01,0,0.1,d.n=mnist48_m.lr=0.1_m.wprc=0,shallow,0.0,2.7349867820739746,2.75253963470459,1.199524998664856,1.2257869243621826,16.38658905029297,0.015686654825402054
82,3111,mnist25,10000,0.9704857468605042,0.9710783958435059,./d.n=mnist25_m.lr=0.01_m.wprc=1e-05,0.012962333858013153,1.2467870874388609e-05,64,15000,1e-05,256,0.01,0,0.01,d.n=mnist25_m.lr=0.01_m.wprc=1e-05,shallow,1e-05,3.90142560005188,4.015989303588867,1.076238989830017,1.1519861221313477,11.972304344177246,0.011273173304160094
83,2984,mnist67,10000,1.220337152481079,1.1983935832977295,./d.n=mnist67_m.lr=0.01_m.wprc=0,0.011227351613342762,1.3934081835031975e-05,64,15000,1e-05,256,0.01,0,0.01,d.n=mnist67_m.lr=0.01_m.wprc=0,shallow,0.0,2.038351058959961,2.0958805084228516,1.0087347030639648,1.0850937366485596,6.900023460388184,0.008850588172010886
84,1409,mnist03,10000,0.6032118797302246,0.5378285646438599,./d.n=mnist03_m.lr=0.1_m.wprc=0,0.010298647917807102,1.584450001246296e-05,64,15000,1e-05,256,0.01,0,0.1,d.n=mnist03_m.lr=0.1_m.wprc=0,shallow,0.0,2.302781820297241,2.2192792892456055,1.1385807991027832,1.2042077779769897,13.764021873474121,0.014245257335779481
85,4523,mnist78,10000,0.9720336198806763,0.9344500303268433,./d.n=mnist78_m.lr=0.01_m.wprc=0,0.02614760957658291,1.168645940197166e-05,64,15000,1e-05,256,0.01,0,0.01,d.n=mnist78_m.lr=0.01_m.wprc=0,shallow,0.0,4.075500011444092,4.137640953063965,1.0928220748901367,1.1287317276000977,12.677533149719238,0.011888813206803087
86,3946,mnist04,10000,0.45595407485961914,0.4492124915122986,./d.n=mnist04_m.lr=0.01_m.wprc=0,0.005526457913219929,1.2116157449781895e-05,64,15000,1e-05,256,0.01,0,0.01,d.n=mnist04_m.lr=0.01_m.wprc=0,shallow,0.0,2.679273843765259,2.6248583793640137,0.9939485192298889,1.0366955995559692,8.37387466430664,0.009706192610230471
87,1274,mnist07,10000,0.6027117967605591,0.5697165727615356,./d.n=mnist07_m.lr=0.1_m.wprc=0,0.01187515165656805,7.829172318452038e-06,64,15000,1e-05,256,0.01,0,0.1,d.n=mnist07_m.lr=0.1_m.wprc=0,shallow,0.0,1.7085436582565308,1.730899691581726,1.1616942882537842,1.1607624292373657,9.378511428833008,0.012052780088248597
88,4750,mnist46,10000,0.9234997034072876,0.9072976112365723,./d.n=mnist46_m.lr=0.01_m.wprc=1e-05,0.025999415665864944,2.714667971304152e-05,64,15000,1e-05,256,0.01,0,0.01,d.n=mnist46_m.lr=0.01_m.wprc=1e-05,shallow,1e-05,3.621365547180176,3.699769973754883,1.101015567779541,1.0837821960449219,11.725007057189941,0.011221437116752206
89,1034,mnist46,10000,0.7300090193748474,0.684921383857727,./d.n=mnist46_m.lr=0.1_m.wprc=0,0.029060421511530876,2.2802300009061582e-05,64,15000,1e-05,256,0.01,0,0.1,d.n=mnist46_m.lr=0.1_m.wprc=0,shallow,0.0,2.469564914703369,2.5395596027374268,1.190311312675476,1.1668673753738403,14.482449531555176,0.0140933593432493
90,1154,mnist35,10000,1.0810847282409668,0.969342827796936,./d.n=mnist35_m.lr=0.1_m.wprc=0,0.052375677973032,9.33588671614416e-06,64,15000,1e-05,256,0.01,0,0.1,d.n=mnist35_m.lr=0.1_m.wprc=0,shallow,0.0,4.510525226593018,4.475953578948975,1.2833995819091797,1.350195288658142,26.117403030395508,0.020538273745990075
91,1942,mnist03,10000,0.5128607153892517,0.4550355076789856,./d.n=mnist03_m.lr=0.1_m.wprc=1e-05,0.009150419384241104,9.006038453662768e-06,64,15000,1e-05,256,0.01,0,0.1,d.n=mnist03_m.lr=0.1_m.wprc=1e-05,shallow,1e-05,2.1105456352233887,2.106511116027832,1.1545876264572144,1.1619516611099243,12.576279640197754,0.014463117154510527
92,878,mnist45,10000,0.5671275854110718,0.5378487706184387,./d.n=mnist45_m.lr=0.1_m.wprc=0,0.012352192774415016,1.7770862541510724e-05,64,15000,1e-05,256,0.01,0,0.1,d.n=mnist45_m.lr=0.1_m.wprc=0,shallow,0.0,2.6412734985351562,2.630843162536621,1.2674264907836914,1.1998512744903564,13.18470287322998,0.01353998473537822
93,3916,mnist27,10000,1.4619287252426147,1.4609955549240112,./d.n=mnist27_m.lr=0.01_m.wprc=0,0.03846728429198265,7.107476903911447e-06,64,15000,1e-05,256,0.01,0,0.01,d.n=mnist27_m.lr=0.01_m.wprc=0,shallow,0.0,4.91091775894165,4.8234758377075195,1.1340715885162354,1.1788592338562012,15.865063667297363,0.013037359451226117
94,1253,mnist07,10000,0.5796324610710144,0.5473137497901917,./d.n=mnist07_m.lr=0.1_m.wprc=1e-05,0.011122009716928005,9.800807674764656e-06,64,15000,1e-05,256,0.01,0,0.1,d.n=mnist07_m.lr=0.1_m.wprc=1e-05,shallow,1e-05,1.6362202167510986,1.6338481903076172,1.1075959205627441,1.1579086780548096,8.718474388122559,0.011599242945181014
95,940,mnist23,10000,0.8947065472602844,0.8415073752403259,./d.n=mnist23_m.lr=0.1_m.wprc=0,0.03160897269845009,1.1075617294409312e-05,64,15000,1e-05,256,0.01,0,0.1,d.n=mnist23_m.lr=0.1_m.wprc=0,shallow,0.0,3.5719265937805176,3.5856947898864746,1.2937016487121582,1.2622065544128418,22.615917205810547,0.018144687170299257
96,5487,mnist89,10000,1.0465624332427979,1.0029823780059814,./d.n=mnist89_m.lr=0.01_m.wprc=1e-05,0.031044725328683853,9.209325980918948e-06,64,15000,1e-05,256,0.01,0,0.01,d.n=mnist89_m.lr=0.01_m.wprc=1e-05,shallow,1e-05,5.1611738204956055,5.135132312774658,1.1527920961380005,1.185150384902954,15.511740684509277,0.013392710528144893
97,1866,mnist16,10000,0.570161759853363,0.5375832319259644,./d.n=mnist16_m.lr=0.1_m.wprc=0,0.01417485997080803,1.0024570656241849e-05,64,15000,1e-05,256,0.01,0,0.1,d.n=mnist16_m.lr=0.1_m.wprc=0,shallow,0.0,1.9013829231262207,1.9442447423934937,1.0574350357055664,1.0392472743988037,10.283157348632812,0.012406611675416996
98,1268,mnist04,10000,0.5118565559387207,0.4792139232158661,./d.n=mnist04_m.lr=0.1_m.wprc=0,0.01013377495110035,9.62105787039036e-06,64,15000,1e-05,256,0.01,0,0.1,d.n=mnist04_m.lr=0.1_m.wprc=0,shallow,0.0,1.9804754257202148,1.9031227827072144,1.140305757522583,1.207884430885315,10.814847946166992,0.0125569823981849
99,1382,mnist02,10000,0.634677529335022,0.5672580003738403,./d.n=mnist02_m.lr=0.1_m.wprc=1e-05,0.019944461062550545,8.434185474470723e-06,64,15000,1e-05,256,0.01,0,0.1,d.n=mnist02_m.lr=0.1_m.wprc=1e-05,shallow,1e-05,2.484267473220825,2.4930260181427,1.2110295295715332,1.250485897064209,14.679901123046875,0.014785760671717711
100,4074,mnist49,10000,1.3743573427200317,1.2498157024383545,./d.n=mnist49_m.lr=0.1_m.wprc=1e-05,0.08051614463329315,1.4396140613825992e-05,64,15000,1e-05,256,0.01,0,0.1,d.n=mnist49_m.lr=0.1_m.wprc=1e-05,shallow,1e-05,5.362404823303223,5.388688087463379,1.2861645221710205,1.3242331743240356,30.19577407836914,0.02406027788878068
101,1587,mnist14,10000,0.5212164521217346,0.5142967700958252,./d.n=mnist14_m.lr=0.1_m.wprc=0,0.005726758856326342,7.163981081248494e-06,64,15000,1e-05,256,0.01,0,0.1,d.n=mnist14_m.lr=0.1_m.wprc=0,shallow,0.0,1.8145231008529663,1.8396950960159302,1.096347451210022,1.0181756019592285,11.395906448364258,0.012556501301277685
102,1964,mnist15,10000,0.6131722331047058,0.5822386145591736,./d.n=mnist15_m.lr=0.1_m.wprc=1e-05,0.009578346274793148,1.923827403516043e-05,64,15000,1e-05,256,0.01,0,0.1,d.n=mnist15_m.lr=0.1_m.wprc=1e-05,shallow,1e-05,2.23785400390625,2.296894073486328,1.1595778465270996,1.13997483253479,9.90819263458252,0.012059241324615392
103,4700,mnist36,10000,0.7288684248924255,0.7134965658187866,./d.n=mnist36_m.lr=0.01_m.wprc=1e-05,0.010243801400065422,9.777009836398065e-06,64,15000,1e-05,256,0.01,0,0.01,d.n=mnist36_m.lr=0.01_m.wprc=1e-05,shallow,1e-05,2.875274419784546,2.9275388717651367,1.0555107593536377,1.044925570487976,8.674373626708984,0.009890821148922887
104,2445,mnist79,10000,1.0783659219741821,1.031214952468872,./d.n=mnist79_m.lr=0.1_m.wprc=1e-05,0.04371153190732002,7.492465556424577e-06,64,15000,1e-05,256,0.01,0,0.1,d.n=mnist79_m.lr=0.1_m.wprc=1e-05,shallow,1e-05,3.909456968307495,4.001967906951904,1.2629057168960571,1.3073911666870117,25.186450958251953,0.019923819510578106
105,2662,mnist14,10000,0.537335216999054,0.5234240889549255,./d.n=mnist14_m.lr=0.1_m.wprc=1e-05,0.005261434242129326,1.1212298886675853e-05,64,15000,1e-05,256,0.01,0,0.1,d.n=mnist14_m.lr=0.1_m.wprc=1e-05,shallow,1e-05,1.82406485080719,1.787325143814087,1.161618709564209,0.9892303347587585,10.108266830444336,0.012199044206860308
106,1028,mnist38,10000,0.9631458520889282,0.8749432563781738,./d.n=mnist38_m.lr=0.1_m.wprc=0,0.042074721306562424,7.672472747799475e-06,64,15000,1e-05,256,0.01,0,0.1,d.n=mnist38_m.lr=0.1_m.wprc=0,shallow,0.0,3.7501063346862793,3.842625379562378,1.288521409034729,1.3001492023468018,25.128631591796875,0.019629473521510243
107,1033,mnist26,10000,0.6370064616203308,0.6161143779754639,./d.n=mnist26_m.lr=0.1_m.wprc=0,0.02689388580620289,3.2322222978109494e-05,64,15000,1e-05,256,0.01,0,0.1,d.n=mnist26_m.lr=0.1_m.wprc=0,shallow,0.0,2.579998254776001,2.644554615020752,1.277259111404419,1.2683979272842407,14.765766143798828,0.01444036277695316
108,1762,mnist78,10000,0.7836158275604248,0.7240053415298462,./d.n=mnist78_m.lr=0.1_m.wprc=1e-05,0.03272250294685364,5.316616443451494e-05,64,15000,1e-05,256,0.01,0,0.1,d.n=mnist78_m.lr=0.1_m.wprc=1e-05,shallow,1e-05,2.7726590633392334,2.7872958183288574,1.172739028930664,1.1902227401733398,15.01628303527832,0.015349393165798449
109,3172,mnist28,10000,1.0494838953018188,1.0244871377944946,./d.n=mnist28_m.lr=0.01_m.wprc=0,0.035072773694992065,7.320977601921186e-06,64,15000,1e-05,256,0.01,0,0.01,d.n=mnist28_m.lr=0.01_m.wprc=0,shallow,0.0,5.12203311920166,5.167548179626465,1.194901466369629,1.181106448173523,16.02181053161621,0.013466413343788647
110,4590,mnist39,10000,1.0022941827774048,0.9863690733909607,./d.n=mnist39_m.lr=0.01_m.wprc=0,0.026978028938174248,7.923827070044354e-06,64,15000,1e-05,256,0.01,0,0.01,d.n=mnist39_m.lr=0.01_m.wprc=0,shallow,0.0,5.224917411804199,5.294989109039307,1.1167161464691162,1.0916951894760132,15.669204711914062,0.01326143001218568
111,5043,mnist68,10000,0.8688927292823792,0.8373465538024902,./d.n=mnist68_m.lr=0.01_m.wprc=0,0.025400521233677864,1.1682542208291125e-05,64,15000,1e-05,256,0.01,0,0.01,d.n=mnist68_m.lr=0.01_m.wprc=0,shallow,0.0,4.0506110191345215,4.1733174324035645,1.084706425666809,1.1057147979736328,13.269527435302734,0.012230374294125549
112,2831,mnist12,10000,0.7275892496109009,0.7122624516487122,./d.n=mnist12_m.lr=0.1_m.wprc=1e-05,0.019545281305909157,8.266192708106246e-06,64,15000,1e-05,256,0.01,0,0.1,d.n=mnist12_m.lr=0.1_m.wprc=1e-05,shallow,1e-05,2.35396146774292,2.3891451358795166,1.0961930751800537,1.1407039165496826,13.23360538482666,0.013988707356362255
113,4721,mnist79,10000,1.3913989067077637,1.402419924736023,./d.n=mnist79_m.lr=0.01_m.wprc=1e-05,0.044517017900943756,1.0974504220939707e-05,64,15000,1e-05,256,0.01,0,0.01,d.n=mnist79_m.lr=0.01_m.wprc=1e-05,shallow,1e-05,6.6060662269592285,6.828289985656738,1.2571274042129517,1.220304012298584,21.606264114379883,0.015371057943143725
114,1363,mnist78,10000,0.7798384428024292,0.716622531414032,./d.n=mnist78_m.lr=0.1_m.wprc=0,0.029976818710565567,2.2311083739623427e-05,64,15000,1e-05,256,0.01,0,0.1,d.n=mnist78_m.lr=0.1_m.wprc=0,shallow,0.0,2.5547444820404053,2.588378429412842,1.2017570734024048,1.2027255296707153,16.060976028442383,0.015420187196433196
115,3294,mnist23,10000,1.0386347770690918,1.0146347284317017,./d.n=mnist23_m.lr=0.01_m.wprc=1e-05,0.02958482690155506,8.201876880775671e-06,64,15000,1e-05,256,0.01,0,0.01,d.n=mnist23_m.lr=0.01_m.wprc=1e-05,shallow,1e-05,5.1001200675964355,5.322057723999023,1.0994501113891602,1.1606454849243164,16.461864471435547,0.01348939351847762
116,1240,mnist45,10000,0.5830690860748291,0.5545466542243958,./d.n=mnist45_m.lr=0.1_m.wprc=1e-05,0.01340699102729559,1.2888695891888347e-05,64,15000,1e-05,256,0.01,0,0.1,d.n=mnist45_m.lr=0.1_m.wprc=1e-05,shallow,1e-05,2.6498382091522217,2.725148916244507,1.1335378885269165,1.1996220350265503,12.59627914428711,0.013547707494966296
117,4632,mnist56,10000,1.0008269548416138,0.9888996481895447,./d.n=mnist56_m.lr=0.01_m.wprc=1e-05,0.034245382994413376,8.318083018821198e-06,64,15000,1e-05,256,0.01,0,0.01,d.n=mnist56_m.lr=0.01_m.wprc=1e-05,shallow,1e-05,4.975785732269287,5.0974345207214355,1.0856003761291504,1.097347378730774,15.462932586669922,0.013154839971068812
118,924,mnist29,10000,0.7682107090950012,0.7558420300483704,./d.n=mnist29_m.lr=0.1_m.wprc=0,0.023932285606861115,5.824598702020012e-06,64,15000,1e-05,256,0.01,0,0.1,d.n=mnist29_m.lr=0.1_m.wprc=0,shallow,0.0,2.430203437805176,2.475585460662842,1.209253191947937,1.199542760848999,13.841330528259277,0.014285540460010075
119,908,mnist58,10000,0.9415678977966309,0.8534243106842041,./d.n=mnist58_m.lr=0.1_m.wprc=0,0.0429830402135849,9.48809156398056e-06,64,15000,1e-05,256,0.01,0,0.1,d.n=mnist58_m.lr=0.1_m.wprc=0,shallow,0.0,3.7502357959747314,3.710554361343384,1.314949870109558,1.3280211687088013,21.911958694458008,0.018482106513390082
120,1871,mnist28,10000,1.0505307912826538,0.9654949903488159,./d.n=mnist28_m.lr=0.1_m.wprc=0,0.048135094344615936,1.245906332769664e-05,64,15000,1e-05,256,0.01,0,0.1,d.n=mnist28_m.lr=0.1_m.wprc=0,shallow,0.0,3.661254405975342,3.728114604949951,1.2688568830490112,1.256414532661438,23.602500915527344,0.020086346378416328
121,5218,mnist78,10000,0.980366587638855,0.9458458423614502,./d.n=mnist78_m.lr=0.01_m.wprc=1e-05,0.02486499585211277,1.544015140098054e-05,64,15000,1e-05,256,0.01,0,0.01,d.n=mnist78_m.lr=0.01_m.wprc=1e-05,shallow,1e-05,3.982609272003174,3.9331488609313965,1.1597425937652588,1.0023609399795532,12.37611198425293,0.011724552993226885
122,5050,mnist89,10000,1.054803490638733,1.00933039188385,./d.n=mnist89_m.lr=0.01_m.wprc=0,0.0302585419267416,8.52243374538375e-06,64,15000,1e-05,256,0.01,0,0.01,d.n=mnist89_m.lr=0.01_m.wprc=0,shallow,0.0,5.314717769622803,5.251112461090088,1.1212207078933716,1.1309252977371216,15.877808570861816,0.013526135515447726
123,3622,mnist07,10000,0.8218728303909302,0.8175399899482727,./d.n=mnist07_m.lr=0.01_m.wprc=1e-05,0.007919800467789173,8.016696483537089e-06,64,15000,1e-05,256,0.01,0,0.01,d.n=mnist07_m.lr=0.01_m.wprc=1e-05,shallow,1e-05,2.4693033695220947,2.4435105323791504,1.054874062538147,1.0458849668502808,7.70194149017334,0.009329486131053605
124,1208,mnist56,10000,0.8048907518386841,0.7535626888275146,./d.n=mnist56_m.lr=0.1_m.wprc=1e-05,0.03521173819899559,1.1178243767062668e-05,64,15000,1e-05,256,0.01,0,0.1,d.n=mnist56_m.lr=0.1_m.wprc=1e-05,shallow,1e-05,3.1567282676696777,3.2861011028289795,1.2067456245422363,1.277566909790039,18.980833053588867,0.016510356497210166
125,4904,mnist48,10000,0.6091169118881226,0.5898554921150208,./d.n=mnist48_m.lr=0.01_m.wprc=1e-05,0.014964018017053604,3.2370455301133916e-05,64,15000,1e-05,256,0.01,0,0.01,d.n=mnist48_m.lr=0.01_m.wprc=1e-05,shallow,1e-05,3.729367733001709,3.8645904064178467,1.0534816980361938,1.045257568359375,11.530938148498535,0.011408760643446198
126,3803,mnist69,10000,1.335667371749878,1.3325623273849487,./d.n=mnist69_m.lr=0.01_m.wprc=1e-05,0.00951899029314518,5.7420696975896135e-05,64,15000,1e-05,256,0.01,0,0.01,d.n=mnist69_m.lr=0.01_m.wprc=1e-05,shallow,1e-05,2.3330178260803223,2.480478525161743,0.9790289998054504,1.0495187044143677,7.652446269989014,0.009327155675112492
127,3291,mnist23,10000,1.0581791400909424,1.0329921245574951,./d.n=mnist23_m.lr=0.01_m.wprc=0,0.028762875124812126,1.4229442967916839e-05,64,15000,1e-05,256,0.01,0,0.01,d.n=mnist23_m.lr=0.01_m.wprc=0,shallow,0.0,5.105992317199707,5.308795928955078,1.1641477346420288,1.1341900825500488,16.787837982177734,0.01363762582349986
128,4872,mnist09,10000,0.7980985045433044,0.765900731086731,./d.n=mnist09_m.lr=0.01_m.wprc=0,0.01630696840584278,1.1442683899076656e-05,64,15000,1e-05,256,0.01,0,0.01,d.n=mnist09_m.lr=0.01_m.wprc=0,shallow,0.0,3.247877836227417,3.2167298793792725,1.0435725450515747,0.9975212812423706,10.14083194732666,0.010704329114927073
129,3981,mnist04,10000,0.43362072110176086,0.42945972084999084,./d.n=mnist04_m.lr=0.01_m.wprc=1e-05,0.005568031221628189,1.1468939192127436e-05,64,15000,1e-05,256,0.01,0,0.01,d.n=mnist04_m.lr=0.01_m.wprc=1e-05,shallow,1e-05,2.658867835998535,2.651364326477051,1.0499088764190674,1.0404343605041504,8.045404434204102,0.009561599016301919
130,5144,mnist06,10000,0.7356036901473999,0.6896960735321045,./d.n=mnist06_m.lr=0.01_m.wprc=0,0.02588850073516369,1.1286705557722598e-05,64,15000,1e-05,256,0.01,0,0.01,d.n=mnist06_m.lr=0.01_m.wprc=0,shallow,0.0,3.8652572631835938,3.777209997177124,1.0332618951797485,1.0798420906066895,12.187841415405273,0.01174720264913037
131,3894,mnist58,10000,1.009062647819519,0.964735746383667,./d.n=mnist58_m.lr=0.01_m.wprc=1e-05,0.038434501737356186,9.36424476094544e-06,64,15000,1e-05,256,0.01,0,0.01,d.n=mnist58_m.lr=0.01_m.wprc=1e-05,shallow,1e-05,5.409810543060303,5.496849536895752,1.215349555015564,1.2564611434936523,17.53590965270996,0.0138517895833099
132,672,mnist25,10000,0.7288182377815247,0.7235878705978394,./d.n=mnist25_m.lr=0.1_m.wprc=0,0.01527722179889679,7.2363627623417415e-06,64,15000,1e-05,256,0.01,0,0.1,d.n=mnist25_m.lr=0.1_m.wprc=0,shallow,0.0,2.846733808517456,2.884561777114868,1.229339599609375,1.2905019521713257,14.097164154052734,0.014174602331589183
133,753,mnist24,10000,0.6610713005065918,0.6530616879463196,./d.n=mnist24_m.lr=0.1_m.wprc=0,0.023231513798236847,8.613188583694864e-06,64,15000,1e-05,256,0.01,0,0.1,d.n=mnist24_m.lr=0.1_m.wprc=0,shallow,0.0,2.656254291534424,2.6975677013397217,1.1912553310394287,1.2662094831466675,14.805170059204102,0.014228142192075173
134,1438,mnist47,10000,0.78087317943573,0.6918630599975586,./d.n=mnist47_m.lr=0.1_m.wprc=0,0.023469354957342148,9.485048394708429e-06,64,15000,1e-05,256,0.01,0,0.1,d.n=mnist47_m.lr=0.1_m.wprc=0,shallow,0.0,3.009230852127075,3.03371000289917,1.176005482673645,1.159361481666565,19.174882888793945,0.01661026625762512
135,1209,mnist46,10000,0.6995985507965088,0.6579412817955017,./d.n=mnist46_m.lr=0.1_m.wprc=1e-05,0.02829686366021633,9.591726666258182e-06,64,15000,1e-05,256,0.01,0,0.1,d.n=mnist46_m.lr=0.1_m.wprc=1e-05,shallow,1e-05,2.4319639205932617,2.4695584774017334,1.1435483694076538,1.148013949394226,13.388174057006836,0.013885808422180556
136,1071,mnist34,10000,0.5073664784431458,0.4670927822589874,./d.n=mnist34_m.lr=0.1_m.wprc=0,0.010094929486513138,6.9007892307126895e-06,64,15000,1e-05,256,0.01,0,0.1,d.n=mnist34_m.lr=0.1_m.wprc=0,shallow,0.0,2.198777437210083,2.2252562046051025,1.1457263231277466,1.1719540357589722,12.470152854919434,0.013361613891809765
137,1261,mnist36,10000,0.6631983518600464,0.6137211322784424,./d.n=mnist36_m.lr=0.1_m.wprc=0,0.01617516577243805,2.5249253667425364e-05,64,15000,1e-05,256,0.01,0,0.1,d.n=mnist36_m.lr=0.1_m.wprc=0,shallow,0.0,2.2338294982910156,2.3277671337127686,1.1124008893966675,1.2037562131881714,12.916090965270996,0.01395840922158126
138,1518,mnist68,10000,0.856778621673584,0.8072967529296875,./d.n=mnist68_m.lr=0.1_m.wprc=0,0.035993319004774094,7.715578249190003e-06,64,15000,1e-05,256,0.01,0,0.1,d.n=mnist68_m.lr=0.1_m.wprc=0,shallow,0.0,2.695787191390991,2.786663055419922,1.2348310947418213,1.253616452217102,19.142498016357422,0.017213768896610075
139,2025,mnist08,10000,0.6036596894264221,0.5313066244125366,./d.n=mnist08_m.lr=0.1_m.wprc=1e-05,0.02033899538218975,8.701426850166172e-06,64,15000,1e-05,256,0.01,0,0.1,d.n=mnist08_m.lr=0.1_m.wprc=1e-05,shallow,1e-05,2.2977559566497803,2.3254005908966064,1.162729263305664,1.2117397785186768,14.53898811340332,0.015041864817027585
140,2006,mnist09,10000,0.6925031542778015,0.6229146718978882,./d.n=mnist09_m.lr=0.1_m.wprc=1e-05,0.018615536391735077,4.7945148253347725e-05,64,15000,1e-05,256,0.01,0,0.1,d.n=mnist09_m.lr=0.1_m.wprc=1e-05,shallow,1e-05,2.131155252456665,2.1908376216888428,1.120309591293335,1.1633669137954712,12.575385093688965,0.01367384557957243
141,1796,mnist13,10000,0.600953221321106,0.5509868264198303,./d.n=mnist13_m.lr=0.1_m.wprc=0,0.01343319471925497,1.3194425264373422e-05,64,15000,1e-05,256,0.01,0,0.1,d.n=mnist13_m.lr=0.1_m.wprc=0,shallow,0.0,2.2996599674224854,2.3190011978149414,1.1609392166137695,1.1605784893035889,13.16067886352539,0.013267158779942787
142,3017,mnist25,10000,1.0013352632522583,0.9995228052139282,./d.n=mnist25_m.lr=0.01_m.wprc=0,0.014006538316607475,1.4511941117234528e-05,64,15000,1e-05,256,0.01,0,0.01,d.n=mnist25_m.lr=0.01_m.wprc=0,shallow,0.0,3.890301465988159,3.923146963119507,1.1239489316940308,1.0957876443862915,12.373346328735352,0.011438876442527179
143,2395,mnist18,10000,0.7905491590499878,0.7664191722869873,./d.n=mnist18_m.lr=0.1_m.wprc=0,0.011716334149241447,1.5119677300390322e-05,64,15000,1e-05,256,0.01,0,0.1,d.n=mnist18_m.lr=0.1_m.wprc=0,shallow,0.0,2.9885566234588623,3.1904995441436768,1.2049872875213623,1.2483371496200562,19.054773330688477,0.016463595012681756
144,3603,mnist89,10000,1.0269553661346436,0.9341078400611877,./d.n=mnist89_m.lr=0.1_m.wprc=0,0.040367063134908676,7.459744210791541e-06,64,15000,1e-05,256,0.01,0,0.1,d.n=mnist89_m.lr=0.1_m.wprc=0,shallow,0.0,3.6907873153686523,3.8113625049591064,1.2182331085205078,1.2190524339675903,24.30394744873047,0.020727757796266164
145,4276,mnist46,10000,0.9185880422592163,0.9084266424179077,./d.n=mnist46_m.lr=0.01_m.wprc=0,0.028370115906000137,2.250304532935843e-05,64,15000,1e-05,256,0.01,0,0.01,d.n=mnist46_m.lr=0.01_m.wprc=0,shallow,0.0,3.9029581546783447,3.8088295459747314,1.0930216312408447,1.0461632013320923,12.073789596557617,0.011377524497685136
146,4212,mnist56,10000,1.0228933095932007,1.0082346200942993,./d.n=mnist56_m.lr=0.01_m.wprc=0,0.03333685174584389,1.0668028153304476e-05,64,15000,1e-05,256,0.01,0,0.01,d.n=mnist56_m.lr=0.01_m.wprc=0,shallow,0.0,5.143579006195068,5.0835676193237305,1.0963889360427856,1.128035068511963,16.04172134399414,0.01333440841336395
147,1530,mnist79,10000,1.116248607635498,1.052354335784912,./d.n=mnist79_m.lr=0.1_m.wprc=0,0.045022547245025635,1.5483128663618118e-05,64,15000,1e-05,256,0.01,0,0.1,d.n=mnist79_m.lr=0.1_m.wprc=0,shallow,0.0,4.047163486480713,4.123905181884766,1.2202045917510986,1.2593148946762085,27.757427215576172,0.020153054456992867
148,3269,mnist06,10000,0.7903871536254883,0.6883435249328613,./d.n=mnist06_m.lr=0.1_m.wprc=1e-05,0.03229587525129318,2.0371939172036946e-05,64,15000,1e-05,256,0.01,0,0.1,d.n=mnist06_m.lr=0.1_m.wprc=1e-05,shallow,1e-05,2.4838013648986816,2.5095067024230957,1.2007253170013428,1.1846799850463867,15.418807983398438,0.016792637849213095
149,1223,mnist05,10000,0.6815236210823059,0.6321249008178711,./d.n=mnist05_m.lr=0.1_m.wprc=1e-05,0.017822356894612312,1.2688296010310296e-05,64,15000,1e-05,256,0.01,0,0.1,d.n=mnist05_m.lr=0.1_m.wprc=1e-05,shallow,1e-05,2.4427225589752197,2.4203145503997803,1.178483486175537,1.2137439250946045,13.174806594848633,0.014329640678915938
150,4426,mnist18,10000,0.7583993077278137,0.7274708151817322,./d.n=mnist18_m.lr=0.1_m.wprc=1e-05,0.012023319490253925,1.6330110156559385e-05,64,15000,1e-05,256,0.01,0,0.1,d.n=mnist18_m.lr=0.1_m.wprc=1e-05,shallow,1e-05,2.9577083587646484,3.058241605758667,1.2125273942947388,1.2366113662719727,16.399433135986328,0.015953567752861914
151,3132,mnist24,10000,0.6455848217010498,0.6548689007759094,./d.n=mnist24_m.lr=0.01_m.wprc=0,0.020841941237449646,9.242432497558184e-06,64,15000,1e-05,256,0.01,0,0.01,d.n=mnist24_m.lr=0.01_m.wprc=0,shallow,0.0,3.7317392826080322,3.820239782333374,1.0610737800598145,1.0827853679656982,12.187493324279785,0.011367583836529601
152,4591,mnist57,10000,0.9172533750534058,0.8961667418479919,./d.n=mnist57_m.lr=0.01_m.wprc=1e-05,0.020924918353557587,7.594857379444875e-06,64,15000,1e-05,256,0.01,0,0.01,d.n=mnist57_m.lr=0.01_m.wprc=1e-05,shallow,1e-05,3.3835909366607666,3.2968080043792725,1.0493125915527344,1.081300139427185,10.36485767364502,0.010684510267356166
153,4526,mnist08,10000,0.49589985609054565,0.4682709872722626,./d.n=mnist08_m.lr=0.01_m.wprc=0,0.02078697644174099,8.351787982974201e-06,64,15000,1e-05,256,0.01,0,0.01,d.n=mnist08_m.lr=0.01_m.wprc=0,shallow,0.0,3.533189058303833,3.558377981185913,1.0450010299682617,1.0795820951461792,11.033669471740723,0.011259111046279446
154,4216,mnist49,10000,1.459790825843811,1.3804512023925781,./d.n=mnist49_m.lr=0.01_m.wprc=0,0.0660419911146164,4.645266380975954e-05,64,15000,1e-05,256,0.01,0,0.01,d.n=mnist49_m.lr=0.01_m.wprc=0,shallow,0.0,7.551105976104736,7.585444927215576,1.1923974752426147,1.1887654066085815,23.617359161376953,0.016492776813323694
155,5288,mnist08,10000,0.45995983481407166,0.4325821101665497,./d.n=mnist08_m.lr=0.01_m.wprc=1e-05,0.02176792547106743,1.3146368473826442e-05,64,15000,1e-05,256,0.01,0,0.01,d.n=mnist08_m.lr=0.01_m.wprc=1e-05,shallow,1e-05,3.338726282119751,3.3130571842193604,1.0051347017288208,1.0193629264831543,10.63416862487793,0.011043572483479293
156,5280,mnist47,10000,0.8177090287208557,0.7895280718803406,./d.n=mnist47_m.lr=0.01_m.wprc=1e-05,0.021299617365002632,1.4005655430082697e-05,64,15000,1e-05,256,0.01,0,0.01,d.n=mnist47_m.lr=0.01_m.wprc=1e-05,shallow,1e-05,4.722527503967285,4.754838466644287,1.0709023475646973,1.0674984455108643,13.746072769165039,0.012317228020030154
157,3492,mnist67,10000,1.2448149919509888,1.2259892225265503,./d.n=mnist67_m.lr=0.01_m.wprc=1e-05,0.01114205364137888,8.985161912278272e-06,64,15000,1e-05,256,0.01,0,0.01,d.n=mnist67_m.lr=0.01_m.wprc=1e-05,shallow,1e-05,2.1530649662017822,2.1050381660461426,1.0294079780578613,1.0224037170410156,6.7125983238220215,0.008749068547465674
158,5411,mnist47,10000,0.8422221541404724,0.8085104823112488,./d.n=mnist47_m.lr=0.01_m.wprc=0,0.021166959777474403,1.1660848031169735e-05,64,15000,1e-05,256,0.01,0,0.01,d.n=mnist47_m.lr=0.01_m.wprc=0,shallow,0.0,4.682554721832275,4.6654767990112305,1.0605117082595825,1.0408973693847656,14.322258949279785,0.012551932967900036
159,4256,mnist26,10000,0.7805352807044983,0.7991307377815247,./d.n=mnist26_m.lr=0.01_m.wprc=1e-05,0.02536463551223278,1.673855513217859e-05,64,15000,1e-05,256,0.01,0,0.01,d.n=mnist26_m.lr=0.01_m.wprc=1e-05,shallow,1e-05,3.7070019245147705,3.8488152027130127,1.130639910697937,1.0940465927124023,12.016205787658691,0.011438765369751861
160,3844,mnist28,10000,1.0205554962158203,0.9863392114639282,./d.n=mnist28_m.lr=0.01_m.wprc=1e-05,0.03735804930329323,9.224891982739791e-06,64,15000,1e-05,256,0.01,0,0.01,d.n=mnist28_m.lr=0.01_m.wprc=1e-05,shallow,1e-05,4.9720988273620605,5.094760417938232,1.1920937299728394,1.2056301832199097,15.762569427490234,0.013464031901903376
161,1998,mnist38,10000,0.9759791493415833,0.8828075528144836,./d.n=mnist38_m.lr=0.1_m.wprc=1e-05,0.04145771637558937,1.127523592003854e-05,64,15000,1e-05,256,0.01,0,0.1,d.n=mnist38_m.lr=0.1_m.wprc=1e-05,shallow,1e-05,3.9713146686553955,4.01102352142334,1.2561172246932983,1.268988013267517,23.847326278686523,0.021074862004067905
162,4633,mnist02,10000,0.5996291637420654,0.5867559313774109,./d.n=mnist02_m.lr=0.01_m.wprc=1e-05,0.015684546902775764,1.2586118828039616e-05,64,15000,1e-05,256,0.01,0,0.01,d.n=mnist02_m.lr=0.01_m.wprc=1e-05,shallow,1e-05,3.5053019523620605,3.6344735622406006,1.1146188974380493,1.0661859512329102,10.949950218200684,0.011111756524256411
163,5088,mnist09,10000,0.7346273064613342,0.7044594883918762,./d.n=mnist09_m.lr=0.01_m.wprc=1e-05,0.01601683720946312,1.2239783245604485e-05,64,15000,1e-05,256,0.01,0,0.01,d.n=mnist09_m.lr=0.01_m.wprc=1e-05,shallow,1e-05,3.257765054702759,3.3203506469726562,0.9829826951026917,1.0524935722351074,9.652344703674316,0.010449623493299465
164,7373,mnist12,10000,1.2304860353469849,1.2097722291946411,./d.n=mnist12_m.lr=0.01_m.wprc=0,0.01618249900639057,8.189124855562113e-06,64,15000,1e-05,256,0.01,0,0.01,d.n=mnist12_m.lr=0.01_m.wprc=0,shallow,0.0,3.9078612327575684,4.053918838500977,1.1200549602508545,1.1197352409362793,13.049614906311035,0.011829231398241765
165,1049,mnist24,10000,0.5857006907463074,0.5828756093978882,./d.n=mnist24_m.lr=0.1_m.wprc=1e-05,0.021835314109921455,5.998374035698362e-06,64,15000,1e-05,256,0.01,0,0.1,d.n=mnist24_m.lr=0.1_m.wprc=1e-05,shallow,1e-05,2.429234266281128,2.4858744144439697,1.1760705709457397,1.2328721284866333,13.606498718261719,0.014166714504777462
166,9797,mnist19,10000,0.9040534496307373,0.8860536217689514,./d.n=mnist19_m.lr=0.01_m.wprc=1e-05,0.014874876476824284,2.55152062891284e-05,64,15000,1e-05,256,0.01,0,0.01,d.n=mnist19_m.lr=0.01_m.wprc=1e-05,shallow,1e-05,3.3695240020751953,3.419365167617798,1.069659948348999,1.084987998008728,10.874788284301758,0.010829903353231023
167,5776,mnist15,10000,0.9872472882270813,0.9588768482208252,./d.n=mnist15_m.lr=0.01_m.wprc=1e-05,0.007060319650918245,1.750779483700171e-05,64,15000,1e-05,256,0.01,0,0.01,d.n=mnist15_m.lr=0.01_m.wprc=1e-05,shallow,1e-05,3.2163920402526855,3.2451140880584717,1.0657474994659424,1.056147575378418,9.4127779006958,0.010106922056722418
168,2069,mnist12,10000,0.7307289242744446,0.7085952162742615,./d.n=mnist12_m.lr=0.1_m.wprc=0,0.020891841500997543,3.4071919799316674e-05,64,15000,1e-05,256,0.01,0,0.1,d.n=mnist12_m.lr=0.1_m.wprc=0,shallow,0.0,2.397174835205078,2.4640724658966064,1.0840461254119873,1.1777966022491455,15.058378219604492,0.014444597536979992
169,9138,mnist17,10000,1.4384576082229614,1.406024694442749,./d.n=mnist17_m.lr=0.01_m.wprc=0,0.020695390179753304,7.738950444036163e-06,64,15000,1e-05,256,0.01,0,0.01,d.n=mnist17_m.lr=0.01_m.wprc=0,shallow,0.0,4.415283203125,4.325125217437744,1.085599422454834,1.0443836450576782,13.840526580810547,0.012112239740043948
170,5417,mnist06,10000,0.675872802734375,0.6297818422317505,./d.n=mnist06_m.lr=0.01_m.wprc=1e-05,0.026267504319548607,3.4933491406263784e-05,64,15000,1e-05,256,0.01,0,0.01,d.n=mnist06_m.lr=0.01_m.wprc=1e-05,shallow,1e-05,3.703886032104492,3.7630958557128906,1.0750795602798462,1.0575181245803833,11.665757179260254,0.011521016678617465
171,3691,mnist69,10000,1.363977074623108,1.358733892440796,./d.n=mnist69_m.lr=0.01_m.wprc=0,0.009327358566224575,1.5818721294635907e-05,64,15000,1e-05,256,0.01,0,0.01,d.n=mnist69_m.lr=0.01_m.wprc=0,shallow,0.0,2.474325656890869,2.3999814987182617,0.9835150241851807,1.0226595401763916,7.971460342407227,0.00949115882065103
172,3658,mnist34,10000,0.4039570093154907,0.396976500749588,./d.n=mnist34_m.lr=0.01_m.wprc=1e-05,0.005942674819380045,1.3464219591696747e-05,64,15000,1e-05,256,0.01,0,0.01,d.n=mnist34_m.lr=0.01_m.wprc=1e-05,shallow,1e-05,3.1070938110351562,3.2798287868499756,0.9911340475082397,1.054992437362671,9.415184020996094,0.010143772819858454
173,879,mnist25,10000,0.7533487677574158,0.7486517429351807,./d.n=mnist25_m.lr=0.1_m.wprc=1e-05,0.01652957685291767,2.5953982913051732e-05,64,15000,1e-05,256,0.01,0,0.1,d.n=mnist25_m.lr=0.1_m.wprc=1e-05,shallow,1e-05,2.819537401199341,2.8974242210388184,1.2494285106658936,1.2569278478622437,13.580496788024902,0.014320555124198919
174,3454,mnist38,10000,1.0988260507583618,1.0380059480667114,./d.n=mnist38_m.lr=0.01_m.wprc=0,0.04057374596595764,5.991903890389949e-06,64,15000,1e-05,256,0.01,0,0.01,d.n=mnist38_m.lr=0.01_m.wprc=0,shallow,0.0,5.790212631225586,5.762548923492432,1.2150869369506836,1.1920524835586548,18.662521362304688,0.014500900666224035
175,4494,mnist79,10000,1.4799667596817017,1.4791913032531738,./d.n=mnist79_m.lr=0.01_m.wprc=0,0.04603923112154007,1.2326931027928367e-05,64,15000,1e-05,256,0.01,0,0.01,d.n=mnist79_m.lr=0.01_m.wprc=0,shallow,0.0,6.885849475860596,7.039122104644775,1.2091784477233887,1.2239370346069336,22.47356414794922,0.015656510856488278
176,4346,mnist89,10000,1.0225093364715576,0.9203267693519592,./d.n=mnist89_m.lr=0.1_m.wprc=1e-05,0.04118094593286514,1.2640408385777846e-05,64,15000,1e-05,256,0.01,0,0.1,d.n=mnist89_m.lr=0.1_m.wprc=1e-05,shallow,1e-05,3.796172857284546,3.852717399597168,1.2065622806549072,1.2934460639953613,21.07963752746582,0.020897280970072266
177,10879,mnist18,10000,1.0446527004241943,1.0257469415664673,./d.n=mnist18_m.lr=0.01_m.wprc=1e-05,0.0091067124158144,1.0511594155104831e-05,64,15000,1e-05,256,0.01,0,0.01,d.n=mnist18_m.lr=0.01_m.wprc=1e-05,shallow,1e-05,4.8025078773498535,4.785880088806152,1.2226243019104004,1.2444095611572266,14.78681468963623,0.01261982594747247
178,4235,mnist59,10000,1.0218058824539185,0.9890817999839783,./d.n=mnist59_m.lr=0.01_m.wprc=0,0.028830688446760178,8.67552535055438e-06,64,15000,1e-05,256,0.01,0,0.01,d.n=mnist59_m.lr=0.01_m.wprc=0,shallow,0.0,4.846943378448486,4.8574442863464355,1.1241438388824463,1.1012992858886719,14.866569519042969,0.012710634970318314
179,11287,mnist17,10000,1.276595950126648,1.2481027841567993,./d.n=mnist17_m.lr=0.01_m.wprc=1e-05,0.022023815661668777,7.90281319495989e-06,64,15000,1e-05,256,0.01,0,0.01,d.n=mnist17_m.lr=0.01_m.wprc=1e-05,shallow,1e-05,4.1842041015625,4.198577404022217,1.055928111076355,1.060868740081787,12.897812843322754,0.01179349708872825
180,1700,mnist25,10000,0.6950761675834656,0.686169445514679,./d.n=mnist25_m.lr=0.1,0.01503636036068201,1.8188438843935728e-05,64,25000,1e-05,256,0.01,0,0.1,d.n=mnist25_m.lr=0.1,shallow,3e-05,2.6301381587982178,2.7002525329589844,1.1932668685913086,1.2541916370391846,12.049884796142578,0.013813739493257317
181,2009,mnist24,10000,0.5584756135940552,0.5586076974868774,./d.n=mnist24_m.lr=0.1,0.021258773282170296,2.7632529963739216e-05,64,25000,1e-05,256,0.01,0,0.1,d.n=mnist24_m.lr=0.1,shallow,3e-05,2.29703950881958,2.4296674728393555,1.175277829170227,1.2364494800567627,12.044550895690918,0.013873374728432196
182,2748,mnist67,10000,0.7367525100708008,0.6896737813949585,./d.n=mnist67_m.lr=0.1,0.012468064203858376,1.8252110749017447e-05,64,25000,1e-05,256,0.01,0,0.1,d.n=mnist67_m.lr=0.1,shallow,3e-05,1.5694886445999146,1.5865954160690308,1.0676203966140747,1.1019033193588257,6.163445472717285,0.010883601956127434
183,3031,mnist02,10000,0.6187112331390381,0.5640254020690918,./d.n=mnist02_m.lr=0.1,0.019618181511759758,7.190804353740532e-06,64,25000,1e-05,256,0.01,0,0.1,d.n=mnist02_m.lr=0.1,shallow,3e-05,2.3947627544403076,2.372947931289673,1.175405740737915,1.225597620010376,12.357722282409668,0.014342275511843666
184,3099,mnist07,10000,0.5688990950584412,0.5404534935951233,./d.n=mnist07_m.lr=0.1,0.011045536026358604,9.394187145517208e-06,64,25000,1e-05,256,0.01,0,0.1,d.n=mnist07_m.lr=0.1,shallow,3e-05,1.6238764524459839,1.612176537513733,1.0797114372253418,1.1304008960723877,7.429184436798096,0.011427651297247413
185,3673,mnist27,10000,0.9040806889533997,0.8689857125282288,./d.n=mnist27_m.lr=0.1,0.03739668056368828,1.0426333574287128e-05,64,25000,1e-05,256,0.01,0,0.1,d.n=mnist27_m.lr=0.1,shallow,3e-05,2.740236282348633,2.7322893142700195,1.1908386945724487,1.2258373498916626,14.609663963317871,0.01530062730165492
186,2821,mnist26,10000,0.6347359418869019,0.611336886882782,./d.n=mnist26_m.lr=0.1,0.02549085021018982,1.751413037709426e-05,64,25000,1e-05,256,0.01,0,0.1,d.n=mnist26_m.lr=0.1,shallow,3e-05,2.462451457977295,2.545647382736206,1.20564866065979,1.232264757156372,12.168864250183105,0.014061721069517618
187,3701,mnist57,10000,0.6240378618240356,0.5827756524085999,./d.n=mnist57_m.lr=0.1,0.022237053140997887,1.094571689463919e-05,64,25000,1e-05,256,0.01,0,0.1,d.n=mnist57_m.lr=0.1,shallow,3e-05,2.2988500595092773,2.357231616973877,1.1026523113250732,1.1578139066696167,10.136876106262207,0.013277398614493474
188,3561,mnist67,10000,1.1591808795928955,1.1389894485473633,./d.n=mnist67_m.lr=0.01,0.011361919343471527,9.050644621311221e-06,64,25000,1e-05,256,0.01,0,0.01,d.n=mnist67_m.lr=0.01,shallow,3e-05,1.9941855669021606,1.8880908489227295,1.0335807800292969,1.0417371988296509,6.218002796173096,0.008548169482128531
189,3977,mnist01,10000,0.5080756545066833,0.4997806251049042,./d.n=mnist01_m.lr=0.01,0.000449726969236508,1.9302053260616958e-05,64,25000,1e-05,256,0.01,0,0.01,d.n=mnist01_m.lr=0.01,shallow,3e-05,1.7284481525421143,1.6394760608673096,1.0334535837173462,0.952618420124054,5.5413665771484375,0.008276849059823762
190,4267,mnist69,10000,0.7728399038314819,0.7410078048706055,./d.n=mnist69_m.lr=0.1,0.01279379054903984,1.0184666280110832e-05,64,25000,1e-05,256,0.01,0,0.1,d.n=mnist69_m.lr=0.1,shallow,3e-05,1.6536368131637573,1.7099266052246094,1.0853240489959717,1.068207025527954,7.144118309020996,0.012369243849233408
191,4234,mnist25,10000,0.9302066564559937,0.9367110133171082,./d.n=mnist25_m.lr=0.01,0.01393064297735691,1.0845102224266157e-05,64,25000,1e-05,256,0.01,0,0.01,d.n=mnist25_m.lr=0.01,shallow,3e-05,3.661783218383789,3.760378837585449,1.1158121824264526,1.059566855430603,11.336886405944824,0.011018945338916649
192,4044,mnist39,10000,0.7365570664405823,0.6972922086715698,./d.n=mnist39_m.lr=0.1,0.031542208045721054,1.452112428523833e-05,64,25000,1e-05,256,0.01,0,0.1,d.n=mnist39_m.lr=0.1,shallow,3e-05,2.9151270389556885,2.908872604370117,1.145043969154358,1.1715844869613647,15.64490032196045,0.016237684206993064
193,4689,mnist23,10000,0.8065728545188904,0.7555873990058899,./d.n=mnist23_m.lr=0.1,0.03254701942205429,7.2338229983870406e-06,64,25000,1e-05,256,0.01,0,0.1,d.n=mnist23_m.lr=0.1,shallow,3e-05,3.4337496757507324,3.4185521602630615,1.235040307044983,1.3028161525726318,17.884910583496094,0.018136462006078616
194,4697,mnist28,10000,1.001000165939331,0.9776058197021484,./d.n=mnist28_m.lr=0.01,0.03691047430038452,1.1585647371248342e-05,64,25000,1e-05,256,0.01,0,0.01,d.n=mnist28_m.lr=0.01,shallow,3e-05,4.820619106292725,5.011733531951904,1.1776796579360962,1.2042218446731567,15.052297592163086,0.01314459718842748
195,5101,mnist24,10000,0.6042656302452087,0.6156646609306335,./d.n=mnist24_m.lr=0.01,0.021154580637812614,1.7365468011121266e-05,64,25000,1e-05,256,0.01,0,0.01,d.n=mnist24_m.lr=0.01,shallow,3e-05,3.4786174297332764,3.445613384246826,1.0428520441055298,1.0052992105484009,11.111982345581055,0.01095219143259364
196,4739,mnist07,10000,0.7874488234519958,0.7846157550811768,./d.n=mnist07_m.lr=0.01,0.00794585607945919,1.0381495485489722e-05,64,25000,1e-05,256,0.01,0,0.01,d.n=mnist07_m.lr=0.01,shallow,3e-05,2.3942668437957764,2.2867226600646973,1.0166913270950317,1.010130763053894,7.020310878753662,0.009015055725964305
197,4977,mnist38,10000,1.0599284172058105,1.0157232284545898,./d.n=mnist38_m.lr=0.01,0.0382813885807991,7.735411600151565e-06,64,25000,1e-05,256,0.01,0,0.01,d.n=mnist38_m.lr=0.01,shallow,3e-05,5.662927627563477,5.71127462387085,1.1709649562835693,1.1854487657546997,17.4641170501709,0.014086953686567419
198,5210,mnist56,10000,0.7560797333717346,0.7134189605712891,./d.n=mnist56_m.lr=0.1,0.034931495785713196,7.804577762726694e-06,64,25000,1e-05,256,0.01,0,0.1,d.n=mnist56_m.lr=0.1,shallow,3e-05,3.1314306259155273,3.222835063934326,1.1607444286346436,1.238434076309204,15.68122673034668,0.016660735514215208
199,5062,mnist34,10000,0.44892463088035583,0.41735151410102844,./d.n=mnist34_m.lr=0.1,0.00788050889968872,1.6316816981998272e-05,64,25000,1e-05,256,0.01,0,0.1,d.n=mnist34_m.lr=0.1,shallow,3e-05,1.9333916902542114,1.9922820329666138,1.1037101745605469,1.1383569240570068,9.626951217651367,0.013517142632121297
200,5386,mnist04,10000,0.41175395250320435,0.40581339597702026,./d.n=mnist04_m.lr=0.01,0.006222501862794161,1.711819822958205e-05,64,25000,1e-05,256,0.01,0,0.01,d.n=mnist04_m.lr=0.01,shallow,3e-05,2.515883207321167,2.4172418117523193,1.0629873275756836,1.0600422620773315,7.412084102630615,0.00923724259395573
201,5642,mnist03,10000,0.41022223234176636,0.39800500869750977,./d.n=mnist03_m.lr=0.01,0.003320819465443492,1.2664745554502588e-05,64,25000,1e-05,256,0.01,0,0.01,d.n=mnist03_m.lr=0.01,shallow,3e-05,2.72493839263916,2.9783339500427246,1.0004535913467407,1.018372654914856,8.457466125488281,0.00987349665831782
202,4431,mnist35,10000,1.2202807664871216,1.1535900831222534,./d.n=mnist35_m.lr=0.01,0.04031536355614662,8.851100574247539e-06,64,25000,1e-05,256,0.01,0,0.01,d.n=mnist35_m.lr=0.01,shallow,3e-05,5.884426593780518,5.877884864807129,1.2316081523895264,1.1767783164978027,18.42050552368164,0.014140183345708915
203,5578,mnist04,10000,0.4104005992412567,0.38105085492134094,./d.n=mnist04_m.lr=0.1,0.009150535799562931,2.3854438040871173e-05,64,25000,1e-05,256,0.01,0,0.1,d.n=mnist04_m.lr=0.1,shallow,3e-05,1.7737934589385986,1.631516695022583,1.0637073516845703,1.1200578212738037,7.934032440185547,0.012751241876880811
204,6299,mnist36,10000,0.6890624761581421,0.6722687482833862,./d.n=mnist36_m.lr=0.01,0.011258522979915142,8.028997399378568e-06,64,25000,1e-05,256,0.01,0,0.01,d.n=mnist36_m.lr=0.01,shallow,3e-05,2.9565181732177734,2.9907548427581787,1.0172207355499268,1.031000018119812,8.019182205200195,0.00954743611628995
205,6335,mnist02,10000,0.5363332033157349,0.5222868919372559,./d.n=mnist02_m.lr=0.01,0.015377162024378777,8.444449122180231e-06,64,25000,1e-05,256,0.01,0,0.01,d.n=mnist02_m.lr=0.01,shallow,3e-05,3.435537099838257,3.4867641925811768,1.114460825920105,1.0352132320404053,10.263345718383789,0.010765506784832532
206,6297,mnist57,10000,0.9002755880355835,0.8784550428390503,./d.n=mnist57_m.lr=0.01,0.020067688077688217,9.216469152306672e-06,64,25000,1e-05,256,0.01,0,0.01,d.n=mnist57_m.lr=0.01,shallow,3e-05,3.1037158966064453,3.138094186782837,1.0379809141159058,1.0494611263275146,9.741022109985352,0.010446127103631318
207,6417,mnist06,10000,0.7147172689437866,0.6397584080696106,./d.n=mnist06_m.lr=0.1,0.028790369629859924,1.0098920938617084e-05,64,25000,1e-05,256,0.01,0,0.1,d.n=mnist06_m.lr=0.1,shallow,3e-05,2.353163003921509,2.3699839115142822,1.136904001235962,1.1911394596099854,12.38864517211914,0.015120089054600007
208,5974,mnist05,10000,0.6933344602584839,0.67359459400177,./d.n=mnist05_m.lr=0.01,0.013548245653510094,1.4157088116917294e-05,64,25000,1e-05,256,0.01,0,0.01,d.n=mnist05_m.lr=0.01,shallow,3e-05,3.6016616821289062,3.81632924079895,1.0786470174789429,1.0786778926849365,10.671854972839355,0.011019037380390636
209,2191,mnist29,10000,0.7305689454078674,0.7208967208862305,./d.n=mnist29_m.lr=0.1,0.022826358675956726,1.0195310096605681e-05,64,25000,1e-05,256,0.01,0,0.1,d.n=mnist29_m.lr=0.1,shallow,3e-05,2.3054990768432617,2.343466281890869,1.1545653343200684,1.1229604482650757,11.54820442199707,0.013764013531589672
210,5026,mnist34,10000,0.4084348678588867,0.4066835939884186,./d.n=mnist34_m.lr=0.01,0.006064863409847021,9.473871614318341e-06,64,25000,1e-05,256,0.01,0,0.01,d.n=mnist34_m.lr=0.01,shallow,3e-05,2.9544572830200195,2.9911885261535645,1.006094217300415,1.0237109661102295,8.788518905639648,0.009873665291665714
211,2245,mnist45,10000,0.514423131942749,0.48964831233024597,./d.n=mnist45_m.lr=0.1,0.011662435717880726,9.460106412007008e-06,64,25000,1e-05,256,0.01,0,0.1,d.n=mnist45_m.lr=0.1,shallow,3e-05,2.35819149017334,2.492952346801758,1.2359898090362549,1.150532603263855,10.922901153564453,0.01319943154860677
212,7014,mnist27,10000,1.320547342300415,1.3114781379699707,./d.n=mnist27_m.lr=0.01,0.0383322536945343,1.0843424206541386e-05,64,25000,1e-05,256,0.01,0,0.01,d.n=mnist27_m.lr=0.01,shallow,3e-05,4.441957473754883,4.4382829666137695,1.1606088876724243,1.112276315689087,14.378082275390625,0.012452600373429571
213,6290,mnist56,10000,0.9600374102592468,0.9538995623588562,./d.n=mnist56_m.lr=0.01,0.03222281485795975,9.097062502405606e-06,64,25000,1e-05,256,0.01,0,0.01,d.n=mnist56_m.lr=0.01,shallow,3e-05,4.6835174560546875,4.73073148727417,1.093035101890564,1.1067819595336914,14.531021118164062,0.012796338975364937
214,6920,mnist08,10000,0.5470311045646667,0.49237778782844543,./d.n=mnist08_m.lr=0.1,0.021212881430983543,6.889867563586449e-06,64,25000,1e-05,256,0.01,0,0.1,d.n=mnist08_m.lr=0.1,shallow,3e-05,2.1297998428344727,2.1359703540802,1.186203122138977,1.1662667989730835,11.525885581970215,0.014729065746549828
215,7502,mnist59,10000,0.7041178345680237,0.6589136719703674,./d.n=mnist59_m.lr=0.1,0.03238658234477043,2.731065615080297e-05,64,25000,1e-05,256,0.01,0,0.1,d.n=mnist59_m.lr=0.1,shallow,3e-05,3.076486825942993,3.038605213165283,1.1771305799484253,1.2357090711593628,14.469453811645508,0.016752549920004384
216,7399,mnist58,10000,0.862057626247406,0.7930154800415039,./d.n=mnist58_m.lr=0.1,0.04156176745891571,1.1828814422187861e-05,64,25000,1e-05,256,0.01,0,0.1,d.n=mnist58_m.lr=0.1,shallow,3e-05,3.960209846496582,3.892423152923584,1.2923239469528198,1.3252390623092651,17.477344512939453,0.02018044676382819
217,7406,mnist37,10000,0.8785803318023682,0.8667947053909302,./d.n=mnist37_m.lr=0.01,0.029704272747039795,5.425813651527278e-05,64,25000,1e-05,256,0.01,0,0.01,d.n=mnist37_m.lr=0.01,shallow,3e-05,3.6345088481903076,3.791865825653076,1.083440899848938,1.1353020668029785,12.420612335205078,0.0116156565797224
218,7522,mnist78,10000,0.7205324769020081,0.6613845229148865,./d.n=mnist78_m.lr=0.1,0.028756415471434593,7.41617532185046e-06,64,25000,1e-05,256,0.01,0,0.1,d.n=mnist78_m.lr=0.1,shallow,3e-05,2.468804121017456,2.51777720451355,1.1520097255706787,1.1844768524169922,12.218084335327148,0.015482201785484335
219,8586,mnist78,10000,0.9036821722984314,0.8822537064552307,./d.n=mnist78_m.lr=0.01,0.023342518135905266,1.002930093818577e-05,64,25000,1e-05,256,0.01,0,0.01,d.n=mnist78_m.lr=0.01,shallow,3e-05,3.6529152393341064,3.7425220012664795,1.0436793565750122,1.0512226819992065,11.341711044311523,0.011425795151580346
220,7772,mnist08,10000,0.4337701201438904,0.4132738709449768,./d.n=mnist08_m.lr=0.01,0.021201055496931076,9.899207725538872e-06,64,25000,1e-05,256,0.01,0,0.01,d.n=mnist08_m.lr=0.01,shallow,3e-05,3.153069257736206,3.2423760890960693,1.065664291381836,1.0023878812789917,9.964345932006836,0.010802015324817785
221,7793,mnist16,10000,0.733792781829834,0.7042738795280457,./d.n=mnist16_m.lr=0.01,0.013518575578927994,1.040941606333945e-05,64,25000,1e-05,256,0.01,0,0.01,d.n=mnist16_m.lr=0.01,shallow,3e-05,2.520416021347046,2.7591936588287354,1.060201644897461,1.0313007831573486,7.5010271072387695,0.00928109127606353
222,8781,mnist09,10000,0.7314198017120361,0.7044519186019897,./d.n=mnist09_m.lr=0.01,0.01596371829509735,1.1712396371876821e-05,64,25000,1e-05,256,0.01,0,0.01,d.n=mnist09_m.lr=0.01,shallow,3e-05,2.9836697578430176,3.123854398727417,1.0679019689559937,0.9790608882904053,9.013415336608887,0.010260765710484761
223,8155,mnist68,10000,0.8064588904380798,0.7860312461853027,./d.n=mnist68_m.lr=0.01,0.02610209211707115,1.1007738976331893e-05,64,25000,1e-05,256,0.01,0,0.01,d.n=mnist68_m.lr=0.01,shallow,3e-05,3.801821708679199,3.9581410884857178,1.054162621498108,1.0198166370391846,11.977893829345703,0.011658352383582607
224,8782,mnist48,10000,0.6568387746810913,0.6338708400726318,./d.n=mnist48_m.lr=0.1,0.02089555561542511,2.8637159630306996e-05,64,25000,1e-05,256,0.01,0,0.1,d.n=mnist48_m.lr=0.1,shallow,3e-05,2.758415937423706,2.6497247219085693,1.2454253435134888,1.2039893865585327,12.820886611938477,0.01617650246612918
225,8616,mnist89,10000,0.9817188382148743,0.9488359093666077,./d.n=mnist89_m.lr=0.01,0.02921653725206852,1.1709424143191427e-05,64,25000,1e-05,256,0.01,0,0.01,d.n=mnist89_m.lr=0.01,shallow,3e-05,4.725631237030029,4.826889514923096,1.1202991008758545,1.1073945760726929,14.420221328735352,0.012891878910996319
226,9730,mnist15,10000,0.9159108996391296,0.8969477415084839,./d.n=mnist15_m.lr=0.01,0.0073202610947191715,1.8833276044460945e-05,64,25000,1e-05,256,0.01,0,0.01,d.n=mnist15_m.lr=0.01,shallow,3e-05,2.94692325592041,2.886598587036133,0.9902104735374451,1.0254929065704346,8.401477813720703,0.009673189802709845
227,5608,mnist37,10000,0.686083197593689,0.6341392397880554,./d.n=mnist37_m.lr=0.1,0.02886291965842247,1.78137870534556e-05,64,25000,1e-05,256,0.01,0,0.1,d.n=mnist37_m.lr=0.1,shallow,3e-05,2.5332937240600586,2.5735199451446533,1.1973925828933716,1.216060757637024,12.979474067687988,0.014689091413882046
228,9072,mnist06,10000,0.6590830087661743,0.6109368801116943,./d.n=mnist06_m.lr=0.01,0.02519066631793976,1.183617496280931e-05,64,25000,1e-05,256,0.01,0,0.01,d.n=mnist06_m.lr=0.01,shallow,3e-05,3.455461025238037,3.5336110591888428,1.0269887447357178,1.0326321125030518,10.874679565429688,0.011320676720672381
229,7233,mnist48,10000,0.6196147799491882,0.5951435565948486,./d.n=mnist48_m.lr=0.01,0.014607594348490238,1.5559469829895534e-05,64,25000,1e-05,256,0.01,0,0.01,d.n=mnist48_m.lr=0.01,shallow,3e-05,3.6154232025146484,3.6451032161712646,1.055792212486267,1.0194735527038574,10.82123851776123,0.011142255576367915
230,5931,mnist29,10000,0.9841086268424988,0.9864806532859802,./d.n=mnist29_m.lr=0.01,0.02261193096637726,1.1950330190302338e-05,64,25000,1e-05,256,0.01,0,0.01,d.n=mnist29_m.lr=0.01,shallow,3e-05,3.4995837211608887,3.51680850982666,1.0929088592529297,1.096245288848877,10.832554817199707,0.01094561787626705
231,4517,mnist09,10000,0.640477180480957,0.5744805932044983,./d.n=mnist09_m.lr=0.1,0.017970161512494087,1.2565907127282117e-05,64,25000,1e-05,256,0.01,0,0.1,d.n=mnist09_m.lr=0.1,shallow,3e-05,2.046168804168701,2.0561463832855225,1.158854365348816,1.1589235067367554,10.41586971282959,0.013119260205258262
232,9362,mnist47,10000,0.8035152554512024,0.7733604311943054,./d.n=mnist47_m.lr=0.01,0.021151840686798096,1.0361668500991073e-05,64,25000,1e-05,256,0.01,0,0.01,d.n=mnist47_m.lr=0.01,shallow,3e-05,4.191102981567383,4.297123432159424,1.0487533807754517,1.1062045097351074,12.89126968383789,0.011990732919517414
233,4856,mnist01,10000,0.4030096232891083,0.37617138028144836,./d.n=mnist01_m.lr=0.1,0.001111245946958661,1.055826578522101e-05,64,25000,1e-05,256,0.01,0,0.1,d.n=mnist01_m.lr=0.1,shallow,3e-05,1.130056619644165,1.1135138273239136,1.0190571546554565,1.0760204792022705,5.1840033531188965,0.009579361002277792
234,8387,mnist79,10000,1.3850421905517578,1.3931660652160645,./d.n=mnist79_m.lr=0.01,0.04690101742744446,1.1575343705771957e-05,64,25000,1e-05,256,0.01,0,0.01,d.n=mnist79_m.lr=0.01,shallow,3e-05,6.473745346069336,6.516351699829102,1.243497371673584,1.1946604251861572,20.458454132080078,0.015086336984686066
235,6152,mnist58,10000,1.0018454790115356,0.9648542404174805,./d.n=mnist58_m.lr=0.01,0.04005378857254982,9.95586651697522e-06,64,25000,1e-05,256,0.01,0,0.01,d.n=mnist58_m.lr=0.01,shallow,3e-05,5.153257846832275,5.17615270614624,1.2466293573379517,1.278795599937439,16.58284568786621,0.013553909785696224
236,4934,mnist23,10000,1.0201247930526733,0.9960131645202637,./d.n=mnist23_m.lr=0.01,0.027228569611907005,1.0223972822132055e-05,64,25000,1e-05,256,0.01,0,0.01,d.n=mnist23_m.lr=0.01,shallow,3e-05,4.933244228363037,5.040728569030762,1.136041522026062,1.2001285552978516,15.73554515838623,0.01337048374230105
237,6185,mnist05,10000,0.7646510004997253,0.7102587819099426,./d.n=mnist05_m.lr=0.1,0.019933713600039482,9.047336789080873e-06,64,25000,1e-05,256,0.01,0,0.1,d.n=mnist05_m.lr=0.1,shallow,3e-05,2.6160449981689453,2.488128185272217,1.2460434436798096,1.3104015588760376,11.70449161529541,0.016253129500333512
238,5755,mnist26,10000,0.767455518245697,0.7919257879257202,./d.n=mnist26_m.lr=0.01,0.02425278164446354,1.0011729500547517e-05,64,25000,1e-05,256,0.01,0,0.01,d.n=mnist26_m.lr=0.01,shallow,3e-05,3.5135767459869385,3.5319581031799316,1.1309155225753784,1.1054604053497314,11.406084060668945,0.011214373427108036
239,7448,mnist46,10000,0.8720421195030212,0.8593212962150574,./d.n=mnist46_m.lr=0.01,0.026398614048957825,1.3941839824838098e-05,64,25000,1e-05,256,0.01,0,0.01,d.n=mnist46_m.lr=0.01,shallow,3e-05,3.3485922813415527,3.6019086837768555,1.0381031036376953,1.0677560567855835,10.880857467651367,0.010876858276940756
240,5417,mnist69,10000,1.2508488893508911,1.2525036334991455,./d.n=mnist69_m.lr=0.01,0.009263318963348866,1.1915048162336461e-05,64,25000,1e-05,256,0.01,0,0.01,d.n=mnist69_m.lr=0.01,shallow,3e-05,2.3446450233459473,2.36460018157959,1.0798838138580322,1.0624446868896484,7.034377574920654,0.009061318389223468
241,5858,mnist36,10000,0.5781100988388062,0.5390114784240723,./d.n=mnist36_m.lr=0.1,0.014616390690207481,1.2784506907337345e-05,64,25000,1e-05,256,0.01,0,0.1,d.n=mnist36_m.lr=0.1,shallow,3e-05,2.1150736808776855,2.160595655441284,1.169513463973999,1.2177947759628296,9.523323059082031,0.014166832742958348
242,11347,mnist28,10000,0.8585035800933838,0.8147751688957214,./d.n=mnist28_m.lr=0.1,0.04001466929912567,1.509517096565105e-05,64,25000,1e-05,256,0.01,0,0.1,d.n=mnist28_m.lr=0.1,shallow,3e-05,3.4233155250549316,3.4686031341552734,1.2515326738357544,1.275368571281433,16.771278381347656,0.019789665749975812
243,5102,mnist45,10000,0.5505202412605286,0.5440612435340881,./d.n=mnist45_m.lr=0.01,0.009003804996609688,2.3244012481882237e-05,64,25000,1e-05,256,0.01,0,0.01,d.n=mnist45_m.lr=0.01,shallow,3e-05,3.1968703269958496,3.2512047290802,1.0928988456726074,1.0904597043991089,10.3678560256958,0.010593034737207222
244,7064,mnist59,10000,0.9693400859832764,0.9398342370986938,./d.n=mnist59_m.lr=0.01,0.028738411143422127,1.3046792446402833e-05,64,25000,1e-05,256,0.01,0,0.01,d.n=mnist59_m.lr=0.01,shallow,3e-05,4.490715026855469,4.5344014167785645,1.1260241270065308,1.15871262550354,13.548919677734375,0.012220753125391805
245,7638,mnist39,10000,0.9440892338752747,0.9358968138694763,./d.n=mnist39_m.lr=0.01,0.028691498562693596,8.531197636330035e-06,64,25000,1e-05,256,0.01,0,0.01,d.n=mnist39_m.lr=0.01,shallow,3e-05,4.721902370452881,4.774792194366455,1.1179990768432617,1.079623818397522,14.135246276855469,0.01266258953615788
246,8358,mnist49,10000,1.3901309967041016,1.3272387981414795,./d.n=mnist49_m.lr=0.01,0.0625084936618805,9.980180948332418e-06,64,25000,1e-05,256,0.01,0,0.01,d.n=mnist49_m.lr=0.01,shallow,3e-05,7.118659496307373,7.305214881896973,1.1824694871902466,1.1965614557266235,21.66196060180664,0.016053510218968052
247,8310,mnist15,10000,0.6060291528701782,0.5721123218536377,./d.n=mnist15_m.lr=0.1,0.00882917083799839,1.7541300621815026e-05,64,25000,1e-05,256,0.01,0,0.1,d.n=mnist15_m.lr=0.1,shallow,3e-05,2.177272081375122,2.113290548324585,1.0937765836715698,1.1407424211502075,8.218997955322266,0.012009281522511088
248,14615,mnist13,10000,0.7442072033882141,0.7132821679115295,./d.n=mnist13_m.lr=0.01,0.011901773512363434,1.2173283721494954e-05,64,25000,1e-05,256,0.01,0,0.01,d.n=mnist13_m.lr=0.01,shallow,3e-05,2.9933876991271973,2.987229347229004,1.0221214294433594,1.0068628787994385,9.684469223022461,0.010342327772281909
249,12886,mnist89,10000,0.844566822052002,0.7874081134796143,./d.n=mnist89_m.lr=0.1,0.034008536487817764,9.788651368580759e-06,64,25000,1e-05,256,0.01,0,0.1,d.n=mnist89_m.lr=0.1,shallow,3e-05,3.384329080581665,3.3631935119628906,1.1909443140029907,1.2555090188980103,15.728859901428223,0.01885523906028051
250,17696,mnist68,10000,0.7657227516174316,0.7339964509010315,./d.n=mnist68_m.lr=0.1,0.03294316679239273,9.451162441109773e-06,64,25000,1e-05,256,0.01,0,0.1,d.n=mnist68_m.lr=0.1,shallow,3e-05,2.728698253631592,2.7949466705322266,1.2274258136749268,1.1800392866134644,13.390378952026367,0.018048769350758553
251,18618,mnist35,10000,1.0046051740646362,0.923110842704773,./d.n=mnist35_m.lr=0.1,0.049018487334251404,8.755529051995836e-06,64,25000,1e-05,256,0.01,0,0.1,d.n=mnist35_m.lr=0.1,shallow,3e-05,4.537598133087158,4.471001148223877,1.2821824550628662,1.349230170249939,19.563282012939453,0.022037840300983758
252,20222,mnist14,10000,0.4902450442314148,0.4781309962272644,./d.n=mnist14_m.lr=0.1,0.005174795165657997,4.808816811419092e-05,64,25000,1e-05,256,0.01,0,0.1,d.n=mnist14_m.lr=0.1,shallow,3e-05,1.7162734270095825,1.754925012588501,1.0470983982086182,1.0663058757781982,8.269171714782715,0.012880263006741575
253,16934,mnist12,10000,1.0937358140945435,1.0645771026611328,./d.n=mnist12_m.lr=0.01,0.014933914877474308,1.0614892744342797e-05,64,25000,1e-05,256,0.01,0,0.01,d.n=mnist12_m.lr=0.01,shallow,3e-05,3.6001698970794678,3.6557581424713135,1.1268198490142822,1.1139980554580688,10.919452667236328,0.010989111792544975
254,19271,mnist79,10000,1.013589859008789,0.9754029512405396,./d.n=mnist79_m.lr=0.1,0.04242260754108429,1.007838909572456e-05,64,25000,1e-05,256,0.01,0,0.1,d.n=mnist79_m.lr=0.1,shallow,3e-05,4.020544528961182,4.040421962738037,1.2072690725326538,1.24971604347229,20.23311424255371,0.021373185572525665
255,21838,mnist13,10000,0.5536202192306519,0.5224024653434753,./d.n=mnist13_m.lr=0.1,0.012247467413544655,9.069663974514697e-06,64,25000,1e-05,256,0.01,0,0.1,d.n=mnist13_m.lr=0.1,shallow,3e-05,2.2980473041534424,2.2426254749298096,1.0899813175201416,1.0952649116516113,9.335113525390625,0.01377989665490924
256,19659,mnist47,10000,0.6677328944206238,0.6065552830696106,./d.n=mnist47_m.lr=0.1,0.023106982931494713,5.438999869511463e-05,64,25000,1e-05,256,0.01,0,0.1,d.n=mnist47_m.lr=0.1,shallow,3e-05,3.0017943382263184,2.9679601192474365,1.1333762407302856,1.1943390369415283,13.79497241973877,0.01878220766736121
257,20983,mnist03,10000,0.5779843926429749,0.520602822303772,./d.n=mnist03_m.lr=0.1,0.008970454335212708,1.0795878552016802e-05,64,25000,1e-05,256,0.01,0,0.1,d.n=mnist03_m.lr=0.1,shallow,3e-05,2.3188178539276123,2.2908060550689697,1.1488406658172607,1.1989096403121948,9.851820945739746,0.01686291560301602
258,15258,mnist14,10000,0.6108794808387756,0.5950992703437805,./d.n=mnist14_m.lr=0.01,0.004036966245621443,1.1647529390756972e-05,64,25000,1e-05,256,0.01,0,0.01,d.n=mnist14_m.lr=0.01,shallow,3e-05,2.820237159729004,2.8132855892181396,1.0106617212295532,1.065918207168579,8.700471878051758,0.009888369957233927
259,25000,mnist12,10000,0.7358142137527466,0.7223279476165771,./d.n=mnist12_m.lr=0.1,0.01808585412800312,2.5780953365028836e-05,64,25000,1e-05,256,0.01,0,0.1,d.n=mnist12_m.lr=0.1,shallow,3e-05,2.449294328689575,2.4165291786193848,1.0967248678207397,1.121565818786621,10.795762062072754,0.01525381134996855
260,25000,mnist16,10000,0.48820793628692627,0.46009087562561035,./d.n=mnist16_m.lr=0.1,0.014320475049316883,9.76289993559476e-06,64,25000,1e-05,256,0.01,0,0.1,d.n=mnist16_m.lr=0.1,shallow,3e-05,1.819435477256775,1.8728909492492676,1.0617129802703857,1.0851142406463623,7.197581768035889,0.014031159386365495
261,23588,mnist46,10000,0.7530149221420288,0.7079364061355591,./d.n=mnist46_m.lr=0.1,0.02956222929060459,1.278771014767699e-05,64,25000,1e-05,256,0.01,0,0.1,d.n=mnist46_m.lr=0.1,shallow,3e-05,2.7884867191314697,2.724785327911377,1.1106390953063965,1.16549813747406,11.466212272644043,0.01661858072613247
262,25000,mnist17,10000,1.1966753005981445,1.1530340909957886,./d.n=mnist17_m.lr=0.01,0.021637361496686935,1.1778388397942763e-05,64,25000,1e-05,256,0.01,0,0.01,d.n=mnist17_m.lr=0.01,shallow,3e-05,3.6147611141204834,3.662965774536133,1.1113338470458984,1.0693140029907227,11.208392143249512,0.011145818286414678
263,25000,mnist19,10000,0.7376680970191956,0.7242048382759094,./d.n=mnist19_m.lr=0.01,0.01570163480937481,1.0914824997598771e-05,64,25000,1e-05,256,0.01,0,0.01,d.n=mnist19_m.lr=0.01,shallow,3e-05,2.8272011280059814,3.060788154602051,1.0257645845413208,1.0339839458465576,9.09681510925293,0.010075205873395521
264,25000,mnist18,10000,0.9727771282196045,0.9617780447006226,./d.n=mnist18_m.lr=0.01,0.009053830988705158,1.1614570212259423e-05,64,25000,1e-05,256,0.01,0,0.01,d.n=mnist18_m.lr=0.01,shallow,3e-05,4.274458408355713,4.191346645355225,1.190393328666687,1.21185302734375,12.960127830505371,0.012072707558407733
265,25000,mnist19,10000,0.5340983867645264,0.5294676423072815,./d.n=mnist19_m.lr=0.1,0.017144551500678062,9.498347026237752e-06,64,25000,1e-05,256,0.01,0,0.1,d.n=mnist19_m.lr=0.1,shallow,3e-05,1.94515860080719,2.122239589691162,1.0602912902832031,1.0753695964813232,9.024042129516602,0.013741522440119032
266,25000,mnist18,10000,0.743406355381012,0.7152709364891052,./d.n=mnist18_m.lr=0.1,0.010452273301780224,2.6169505872530863e-05,64,25000,1e-05,256,0.01,0,0.1,d.n=mnist18_m.lr=0.1,shallow,3e-05,3.060499906539917,3.0609476566314697,1.2246342897415161,1.2517741918563843,13.188981056213379,0.017287765240678862
267,25000,mnist38,10000,1.0134598016738892,0.9342219233512878,./d.n=mnist38_m.lr=0.1,0.0433373861014843,2.8627633582800627e-05,64,25000,1e-05,256,0.01,0,0.1,d.n=mnist38_m.lr=0.1,shallow,3e-05,4.207564353942871,4.3089070320129395,1.2359572649002075,1.2691829204559326,19.493608474731445,0.02380283585008993
268,25000,mnist49,10000,1.3278415203094482,1.2356886863708496,./d.n=mnist49_m.lr=0.1,0.07183760404586792,2.9199940399848856e-05,64,25000,1e-05,256,0.01,0,0.1,d.n=mnist49_m.lr=0.1,shallow,3e-05,5.841231822967529,5.872154712677002,1.2187707424163818,1.26295804977417,25.56202507019043,0.027567923669810892
269,25000,mnist17,10000,0.9114444851875305,0.8497976064682007,./d.n=mnist17_m.lr=0.1,0.0254095196723938,8.240962051786482e-05,64,25000,1e-05,256,0.01,0,0.1,d.n=mnist17_m.lr=0.1,shallow,3e-05,2.68874454498291,2.6823954582214355,1.0696117877960205,1.0855443477630615,11.44745922088623,0.015251913678581216
