,dataset.seed,dataset.samples_train,weights_product,gradient_norm_squared_test,gradient_norm_squared_train,gradient_norm_test,gradient_norm_train,loss_test,loss_train,path_length_d_test,path_length_d_train,path_length_f_test,path_length_f_train,weights_rms
0,1.0,2.0,0.841530978679657,0.7006802558898926,0.35388001799583435,0.8328706622123718,0.4206423759460449,0.47910910844802856,2.942091015256665e-14,0.01774057000875473,0.40474408864974976,0.5546011924743652,0.8513787388801575,0.6691404246128194
1,1.0,3.0,3.21304988861084,1.3155837059020996,1.8232555389404297,0.9323667883872986,1.0021014213562012,0.2417227029800415,5.10702591327572e-15,0.9266781210899353,1.492593765258789,0.5820680260658264,0.8150832653045654,0.6682559297788535
2,1.0,4.0,15.341348648071289,4.1306257247924805,3.3893206119537354,1.7799049615859985,1.5450819730758667,0.023228073492646217,1.8768320231288271e-13,2.9835546016693115,6.028450965881348,1.2742160558700562,1.614446759223938,0.713105203532724
3,1.0,5.0,14.671744346618652,3.893357276916504,2.763368844985962,1.7355836629867554,1.3243293762207031,0.019166791811585426,4.0012437129864284e-14,2.9726967811584473,5.442045211791992,1.2492012977600098,1.470698595046997,0.7060448599098669
4,1.0,6.0,20.886497497558594,4.612878322601318,5.925839900970459,1.7887203693389893,1.8993011713027954,0.017947111278772354,1.178686732635284e-13,5.450445175170898,7.348559856414795,1.2846869230270386,1.4481796026229858,0.6877691597993066
5,1.0,7.0,22.29632568359375,4.734257698059082,4.066034317016602,1.8862396478652954,1.733934998512268,0.0077624814584851265,4.9991755797940823e-14,4.905646800994873,6.531166076660156,1.4018011093139648,1.4242175817489624,0.7232305972480049
6,1.0,8.0,26.150327682495117,5.387173652648926,3.6053719520568848,1.9726375341415405,1.5649080276489258,0.014653312973678112,1.3047896096907152e-13,5.217826843261719,7.510979652404785,1.4875175952911377,1.4780510663986206,0.7695571099297663
7,1.0,9.0,13.524507522583008,3.858764410018921,3.3352742195129395,1.6679329872131348,1.4536681175231934,0.00013390043750405312,1.77197761130031e-13,4.069279670715332,4.632405757904053,1.2935541868209839,1.4847863912582397,0.6825145335046222
8,1.0,10.0,12.288694381713867,3.8132355213165283,3.9253859519958496,1.645622730255127,1.631422758102417,0.0002257988671772182,3.878286580771828e-13,3.989637613296509,4.503477096557617,1.4212791919708252,1.3155771493911743,0.6737931680839085
9,2.0,2.0,1.231949806213379,1.5019954442977905,0.7585824728012085,1.2194160223007202,0.6158662438392639,0.5576755404472351,2.5579538487363607e-13,0.01730452850461006,0.5839164853096008,0.7975162267684937,1.1898542642593384,0.6725514805488162
10,2.0,3.0,2.051809310913086,1.728550910949707,1.8954206705093384,1.2194647789001465,1.0889521837234497,0.34820830821990967,1.3364309658925322e-14,0.5820999145507812,0.9399198293685913,0.8360547423362732,1.0852910280227661,0.6692428169309146
11,2.0,4.0,24.76719093322754,9.492713928222656,17.664756774902344,2.3537540435791016,2.697878122329712,0.18477387726306915,1.4353882665796291e-13,4.921304702758789,9.866382598876953,1.0999692678451538,1.844459056854248,0.7747698038138882
12,2.0,5.0,15.745774269104004,7.371386528015137,20.69339370727539,1.7421923875808716,2.453413724899292,0.02411321923136711,3.420666663334418e-14,3.956963300704956,5.740540981292725,0.7874343395233154,1.2523761987686157,0.6817301292961331
13,2.0,6.0,16.264881134033203,7.838117599487305,19.898555755615234,1.7485780715942383,2.2574024200439453,0.03283531591296196,2.689746517149042e-14,3.522979497909546,5.3495941162109375,0.7516981363296509,1.0967998504638672,0.6853477620056335
14,2.0,7.0,19.465822219848633,5.769335746765137,2.019897699356079,1.8148488998413086,1.1794768571853638,0.005235456395894289,5.010277810040334e-14,4.552485466003418,6.199380397796631,0.9693049788475037,1.0226004123687744,0.7095803386985109
15,2.0,8.0,16.181068420410156,5.831606388092041,4.714425563812256,1.784819483757019,1.5563597679138184,0.0025151330046355724,2.721438525921105e-13,4.218660354614258,5.845327377319336,0.8890467882156372,1.0900708436965942,0.6895096270061798
16,2.0,9.0,16.456695556640625,5.835211753845215,5.134697914123535,1.8250256776809692,1.735404133796692,0.00034595056786201894,9.639203091315121e-14,4.255008220672607,5.31215238571167,0.9390137791633606,1.1407219171524048,0.6811793097676643
17,2.0,10.0,12.879533767700195,5.840970993041992,6.527403354644775,1.8340624570846558,1.7786468267440796,0.00033238224568776786,3.01123356935204e-13,4.232895374298096,4.570653438568115,0.9825141429901123,1.0851677656173706,0.6766425319017837
18,3.0,2.0,1.0673712491989136,1.1274973154067993,0.5694441199302673,1.0565142631530762,0.5335935354232788,0.37926387786865234,1.1368683772161603e-13,0.02352863736450672,0.5059140920639038,0.69481360912323,1.0970672369003296,0.6719890526562231
19,3.0,3.0,1.5526915788650513,1.2069915533065796,1.1762782335281372,1.0565816164016724,0.8700129985809326,0.28693822026252747,1.480297330873836e-15,0.33142659068107605,0.7022032737731934,0.7112320065498352,1.0048414468765259,0.6698833761299232
20,3.0,4.0,1.7822200059890747,1.1908626556396484,1.0777181386947632,1.0348408222198486,0.8893986940383911,0.23475374281406403,2.3470461685271005e-13,0.47234809398651123,0.7524504661560059,0.7806225419044495,0.8347235321998596,0.6692189804990397
21,3.0,5.0,24.893274307250977,6.381525039672852,5.255595684051514,2.051687240600586,1.8082218170166016,0.026094544678926468,6.105588040358767e-13,4.469808578491211,8.8497953414917,1.2657512426376343,1.6429892778396606,0.8077095085415272
22,3.0,6.0,24.596893310546875,6.246251106262207,9.7626314163208,2.0311059951782227,2.4024932384490967,0.030229199677705765,2.5839516615798475e-13,4.967871189117432,7.678557395935059,1.2853834629058838,1.5695346593856812,0.7501202429629468
23,3.0,7.0,21.5115966796875,5.159921646118164,5.859755992889404,2.024343252182007,1.9855042695999146,0.010352393612265587,3.632015275014701e-14,5.158564567565918,6.434070110321045,1.4281022548675537,1.5077884197235107,0.6924680569570111
24,3.0,8.0,26.255874633789062,5.379784107208252,3.479825258255005,2.0031473636627197,1.4736018180847168,0.019207103177905083,3.2202712718643056e-13,5.386572360992432,7.476579189300537,1.4748115539550781,1.4619022607803345,0.7671635818823508
25,3.0,9.0,15.110990524291992,4.42813777923584,3.7425951957702637,1.8434691429138184,1.652288556098938,0.0002311879361514002,1.624271734907562e-13,3.789518117904663,5.012427806854248,1.310785174369812,1.4162940979003906,0.7008487194425854
26,3.0,10.0,15.323467254638672,4.661657333374023,4.732287406921387,1.8966293334960938,1.8487637042999268,6.403578299796209e-05,2.5251467041485787e-13,3.914006233215332,4.963438034057617,1.3314201831817627,1.3577876091003418,0.709447808599032
27,4.0,2.0,0.40187785029411316,0.15977132320404053,0.08069117367267609,0.3977104425430298,0.2008621096611023,0.2798176109790802,1.5987211554602254e-14,0.006867076735943556,0.20614202320575714,0.28243488073349,0.4001208245754242,0.6677282011356517
28,4.0,3.0,3.072774887084961,0.6114734411239624,0.8587762713432312,0.6473740935325623,0.6460115909576416,0.08560160547494888,8.901444678739972e-15,0.7931392192840576,1.4406113624572754,0.3769855201244354,0.579049825668335,0.66890263255116
29,4.0,4.0,9.075462341308594,1.8207577466964722,4.188971996307373,1.0041760206222534,1.3531928062438965,0.007716151885688305,1.0627002750007719e-13,2.073690176010132,3.8540585041046143,0.5070223212242126,0.8156675100326538,0.6760091055373062
30,4.0,5.0,7.40294885635376,1.6526780128479004,3.5770885944366455,0.8799487352371216,1.1300153732299805,0.004811422899365425,4.313389923016331e-15,1.826716423034668,2.8057119846343994,0.44008997082710266,0.6517199873924255,0.671101721680188
31,4.0,6.0,10.530820846557617,1.6531480550765991,0.9547934532165527,1.0430766344070435,0.8288622498512268,0.0021536280401051044,7.595920420433444e-15,2.6240665912628174,3.8480687141418457,0.6434748768806458,0.7022371292114258,0.6750208494898201
32,4.0,7.0,12.914474487304688,1.8474926948547363,2.2648587226867676,1.0753281116485596,1.0273910760879517,0.0020878876093775034,3.544833223072426e-14,2.6635680198669434,3.928577184677124,0.597967267036438,0.6778799891471863,0.6872231749871028
33,4.0,8.0,16.051782608032227,2.097184419631958,2.0579416751861572,1.1762539148330688,1.1130883693695068,0.005399435758590698,9.18642603393166e-14,3.1835243701934814,4.677577972412109,0.598918080329895,0.7120868563652039,0.7144415785773918
34,4.0,9.0,7.931100845336914,1.5249106884002686,1.4404951333999634,0.910414457321167,0.9019272327423096,0.00011485904542496428,2.1106573655721786e-14,2.392115592956543,2.8477277755737305,0.5301240086555481,0.6199987530708313,0.6697426767423874
35,4.0,10.0,7.784689426422119,1.6193350553512573,1.4093340635299683,0.9394415020942688,0.9299729466438293,0.00011597175762290135,2.1014092904474667e-14,2.4473676681518555,2.497042417526245,0.546154260635376,0.5999071002006531,0.6694081354947169
36,5.0,2.0,1.229116678237915,1.4950170516967773,0.7550687193870544,1.2165800333023071,0.6144382357597351,0.34137725830078125,8.881784197001252e-15,0.036931175738573074,0.6182270050048828,0.8295235633850098,1.2755653858184814,0.672887979274476
37,5.0,3.0,1.726802110671997,1.5783944129943848,1.488986611366272,1.2165274620056152,0.9818182587623596,0.2899168133735657,5.242102935000721e-14,0.36076781153678894,0.785153865814209,0.8201853036880493,1.0520309209823608,0.6705184885068454
38,5.0,4.0,17.446762084960938,5.18488883972168,9.154486656188965,1.6760728359222412,1.9267914295196533,0.04574831575155258,6.564193633096238e-14,3.237163782119751,7.012945652008057,0.6941048502922058,1.2622753381729126,0.72934404900255
39,5.0,5.0,15.845955848693848,4.906368255615234,8.270713806152344,1.5922610759735107,1.7120552062988281,0.03646649047732353,1.5704382510129539e-13,3.091247797012329,5.875833034515381,0.6225941181182861,1.0716508626937866,0.7122309538530804
40,5.0,6.0,27.083587646484375,6.362319469451904,3.4101765155792236,2.1552577018737793,1.5152640342712402,0.016073614358901978,1.432025749066937e-13,6.709052562713623,9.426189422607422,1.3470243215560913,1.484158992767334,0.7090080883394216
41,5.0,7.0,22.857175827026367,5.604569911956787,2.2506840229034424,2.0211899280548096,1.1288459300994873,0.0070855445228517056,8.467829708909066e-14,5.998569488525391,7.650935649871826,1.2199265956878662,1.2672607898712158,0.6947506440097873
42,5.0,8.0,19.192012786865234,5.508035659790039,4.855393409729004,2.0615234375,1.8228604793548584,0.0043581887148320675,3.830356171130589e-13,5.664800643920898,6.104468822479248,1.1738810539245605,1.369625210762024,0.6909806249817317
43,5.0,9.0,15.872220993041992,4.844886302947998,4.597140789031982,1.9637287855148315,1.7992346286773682,0.0004695808165706694,1.11153368952642e-13,4.946348667144775,5.779066562652588,1.1617417335510254,1.2994900941848755,0.6954790437290607
44,5.0,10.0,13.907041549682617,4.872772693634033,4.840950965881348,1.9570519924163818,1.850484848022461,0.00011174671089975163,3.014380466157679e-13,4.6187615394592285,5.139598846435547,1.1574565172195435,1.2443227767944336,0.6777100641093633
45,6.0,2.0,0.3617980480194092,0.1295340210199356,0.06542046368122101,0.35810431838035583,0.18085969984531403,0.07349874824285507,4.440892098500626e-16,0.008705256506800652,0.18161417543888092,0.2364928126335144,0.33712443709373474,0.6676759035850324
46,6.0,3.0,0.652628481388092,0.15803386270999908,0.18417036533355713,0.3581102788448334,0.3361397981643677,0.10494634509086609,4.391922212144099e-16,0.20319537818431854,0.2993873357772827,0.24204003810882568,0.3213352560997009,0.6673667237352251
47,6.0,4.0,8.129981994628906,1.004294514656067,1.1462104320526123,0.8867164850234985,0.8984982967376709,0.18370576202869415,9.613149035483937e-14,1.7018389701843262,3.2647626399993896,0.6517497897148132,0.7784740328788757,0.6780140440251267
48,6.0,5.0,16.657386779785156,1.8473626375198364,2.8704419136047363,1.0757992267608643,1.189710021018982,0.02404973655939102,8.387804068931554e-14,3.0283377170562744,5.571287155151367,0.5790362358093262,0.8129053711891174,0.7151171627538024
49,6.0,6.0,31.46799659729004,4.450963973999023,2.211177110671997,1.472847580909729,1.1371992826461792,0.019271869212388992,3.635778472992762e-13,5.211296081542969,9.790132522583008,0.7814178466796875,1.0540159940719604,0.8849377389441909
50,6.0,7.0,34.54510498046875,4.908759593963623,6.617110252380371,1.7021963596343994,1.8218415975570679,0.03187185525894165,5.093272266616655e-13,5.954197406768799,9.82252025604248,0.9130381941795349,1.0585943460464478,0.8444995474574283
51,6.0,8.0,17.74973487854004,1.9448384046554565,1.9187474250793457,1.113140344619751,1.0727391242980957,0.0012403415748849511,1.61483673655205e-13,4.723815441131592,5.488114356994629,0.7386431694030762,0.7513963580131531,0.6839127791820793
52,6.0,9.0,17.703571319580078,2.0047683715820312,1.8396042585372925,1.1216650009155273,1.0929439067840576,0.000616848876234144,4.5450665800417234e-13,4.497050762176514,5.682868957519531,0.7203934788703918,0.7833011746406555,0.6879003980033835
53,6.0,10.0,20.191387176513672,2.0306625366210938,1.0280959606170654,1.069860577583313,0.8147646188735962,0.00030652963323518634,4.4655267981627556e-13,4.368452072143555,5.5238118171691895,0.6705037355422974,0.7573606967926025,0.7421942397737256
54,7.0,2.0,0.923388659954071,0.8437086343765259,0.4261167645454407,0.9139319658279419,0.4615824818611145,0.20444446802139282,3.019806626980426e-14,0.015752742066979408,0.4736548066139221,0.6360317468643188,0.9453194737434387,0.6706704141252581
55,7.0,3.0,1.317076325416565,0.895943284034729,0.8573744893074036,0.913921594619751,0.7440633773803711,0.21840272843837738,2.4281502169717396e-14,0.27904772758483887,0.6053200364112854,0.6153751015663147,0.8217809200286865,0.6693039702904587
56,7.0,4.0,16.594879150390625,4.742082595825195,5.372389793395996,1.9330371618270874,1.9575749635696411,0.05211266875267029,4.078959392472825e-13,3.4959802627563477,6.658247947692871,1.3875371217727661,1.5863889455795288,0.7070509650743058
57,7.0,5.0,11.243589401245117,3.5899274349212646,5.712711334228516,1.582618236541748,1.8728573322296143,0.0037930523976683617,1.1169121454535774e-13,2.9037725925445557,4.181612491607666,1.191460371017456,1.3833855390548706,0.6747891926718419
58,7.0,6.0,15.293644905090332,4.14566707611084,7.370169162750244,1.7583271265029907,2.1269094944000244,0.008793787099421024,1.5413741450190886e-14,2.8301358222961426,4.71883487701416,1.233542561531067,1.3432221412658691,0.6888252150457955
59,7.0,7.0,17.031574249267578,3.8195362091064453,4.4282379150390625,1.7424741983413696,1.8672040700912476,0.006049826741218567,6.47066696556585e-14,3.1038525104522705,4.938610076904297,1.26139235496521,1.3006541728973389,0.7173340799941725
60,7.0,8.0,12.367474555969238,3.146940231323242,2.823498249053955,1.5629099607467651,1.4025386571884155,0.0009389946353621781,7.247154265588307e-14,3.057676315307617,3.7606265544891357,1.2067933082580566,1.2756028175354004,0.6795131851533299
61,7.0,9.0,12.217443466186523,3.1514892578125,2.534843683242798,1.5444711446762085,1.2686941623687744,0.0005294585134834051,2.4941930031746606e-13,2.982330322265625,3.9584691524505615,1.1693408489227295,1.3298124074935913,0.6769382122085548
62,7.0,10.0,12.792136192321777,3.2269628047943115,4.229534149169922,1.5089712142944336,1.6326639652252197,0.0004712269001174718,1.8157835803521427e-13,2.9275410175323486,3.672391653060913,1.135104775428772,1.1707260608673096,0.679546934111618
63,8.0,2.0,0.9791513085365295,0.9487140774726868,0.47914427518844604,0.9691371917724609,0.4894610643386841,0.5774228572845459,1.7763568394002505e-15,0.02159171551465988,0.4983525276184082,0.657225489616394,0.9789265394210815,0.6712888654245297
64,8.0,3.0,1.2270352840423584,0.9694753885269165,0.8180205821990967,0.9691555500030518,0.7336390614509583,0.6173498034477234,2.895022072004101e-14,0.17674776911735535,0.5646363496780396,0.6627443432807922,0.8511739373207092,0.6702112457630528
65,8.0,4.0,8.2692232131958,1.7437406778335571,2.595144033432007,0.9922109246253967,0.9973368644714355,0.3595024049282074,1.8121962264139313e-13,1.5218524932861328,3.32686185836792,0.4217999279499054,0.7537943720817566,0.6868528803129551
66,8.0,5.0,32.32136535644531,9.4609956741333,1.5208525657653809,2.2219955921173096,0.9479199647903442,0.005818494129925966,3.6184388276482016e-13,5.191911697387695,11.705198287963867,1.1644543409347534,1.700610876083374,0.9506400351629881
67,8.0,6.0,32.25664138793945,9.155890464782715,2.535348415374756,2.247504949569702,1.3371062278747559,0.0031912634149193764,2.1209191358468465e-13,5.919088840484619,10.464271545410156,1.2394250631332397,1.6063152551651,0.9184861194048339
68,8.0,7.0,29.929967880249023,8.556646347045898,2.1385321617126465,2.2247323989868164,1.1197830438613892,0.0009757881052792072,4.0280130034382744e-13,5.88173246383667,8.984753608703613,1.2761824131011963,1.4029446840286255,0.8772305900079687
69,8.0,8.0,30.13309097290039,8.775733947753906,2.4430768489837646,2.214700937271118,1.2455635070800781,0.0016571559244766831,1.200319357796964e-12,5.638780117034912,7.6133131980896,1.2288650274276733,1.4266743659973145,0.9075786761156214
70,8.0,9.0,24.693115234375,7.988828659057617,4.2522454261779785,2.2113664150238037,1.6079086065292358,7.208110037026927e-05,1.3874965629559477e-12,5.398283004760742,7.844428062438965,1.2176932096481323,1.4887374639511108,0.8102421292000865
71,8.0,10.0,23.398426055908203,7.834575653076172,4.72566032409668,2.2189900875091553,1.749085783958435,0.00038484035758301616,4.588551760775772e-13,5.575796127319336,6.982707977294922,1.2260171175003052,1.3670554161071777,0.7707864192842787
72,9.0,2.0,0.4576510488986969,0.2072601318359375,0.10467700660228729,0.4529762268066406,0.22877609729766846,0.09496042132377625,0.0,0.007805940695106983,0.2141667902469635,0.31352007389068604,0.4511461853981018,0.6686450581819128
73,9.0,3.0,1.1598294973373413,0.22571390867233276,0.08789447695016861,0.45297741889953613,0.22859658300876617,0.0943661704659462,2.6645352591003757e-15,0.17757216095924377,0.5404338240623474,0.31158530712127686,0.3991154134273529,0.6692994395077951
74,9.0,4.0,10.999349594116211,1.6120452880859375,2.153581380844116,0.9864872694015503,0.9180988073348999,0.014347757212817669,9.444615228781927e-14,2.109544515609741,4.540756702423096,0.45719438791275024,0.797178328037262,0.6958270709434126
75,9.0,5.0,9.203714370727539,1.2918580770492554,1.9906189441680908,0.88482666015625,0.8770373463630676,0.007752534002065659,3.419643108720956e-14,1.838442087173462,3.33306884765625,0.416695773601532,0.634553849697113,0.6832803169315289
76,9.0,6.0,12.13979434967041,1.4435088634490967,0.7265100479125977,1.050877332687378,0.6723081469535828,0.004369177855551243,5.4410181194548476e-14,3.1042914390563965,4.196666240692139,0.7075860500335693,0.7129560708999634,0.6745912805082629
77,9.0,7.0,12.26999282836914,1.5179150104522705,1.91342294216156,1.0047461986541748,0.9464823603630066,0.0014505727449432015,5.651233401051704e-14,2.7580037117004395,3.6872119903564453,0.5589177012443542,0.6280167698860168,0.678018985439057
78,9.0,8.0,11.329421997070312,1.4547202587127686,1.0586788654327393,1.0381512641906738,0.8522316813468933,0.0007581336540170014,3.1465390189222564e-14,2.679044485092163,3.4140336513519287,0.6459144353866577,0.6450533866882324,0.678381912625188
79,9.0,9.0,9.754303932189941,1.2894493341445923,0.9967429041862488,0.9750989675521851,0.792261004447937,0.00021419106633402407,2.2037927038809357e-14,2.633571147918701,3.395576000213623,0.5854024887084961,0.6664103865623474,0.6725798045843882
80,9.0,10.0,8.011102676391602,1.2133252620697021,1.0778402090072632,0.9598115682601929,0.8817451596260071,6.16342294961214e-05,5.463407571943031e-14,2.403369188308716,2.707414388656616,0.5929423570632935,0.6149002909660339,0.6702187636821897
81,10.0,2.0,0.24456922709941864,0.059138618409633636,0.029867863282561302,0.2419653683900833,0.12220446765422821,0.5574295520782471,1.7763568394002505e-15,0.004211207386106253,0.11908278614282608,0.16444067656993866,0.2444094568490982,0.6688133530311502
82,10.0,3.0,2.6842291355133057,0.2818835973739624,0.13055014610290527,0.4426717758178711,0.2766144275665283,0.4881840944290161,3.2955121243667326e-14,0.5669803023338318,1.2098599672317505,0.23490144312381744,0.41296517848968506,0.6713201541329554
83,10.0,4.0,16.132850646972656,4.23121976852417,7.823512077331543,1.7706373929977417,1.9736310243606567,0.05043259635567665,9.325873406851315e-15,3.6352055072784424,6.567744731903076,1.1123244762420654,1.4733285903930664,0.6973750446959976
84,10.0,5.0,20.873546600341797,5.7093658447265625,5.748124122619629,2.0874674320220947,1.7638565301895142,0.03945721313357353,6.082079420178035e-14,4.506185531616211,7.603909015655518,1.3112807273864746,1.7789262533187866,0.742727784783074
85,10.0,6.0,26.310876846313477,6.4485650062561035,6.0504608154296875,2.2202744483947754,1.9895004034042358,0.015550754964351654,4.9081110676347725e-14,7.187974452972412,9.651017189025879,1.5953705310821533,1.7034542560577393,0.6979070347906791
86,10.0,7.0,25.959808349609375,6.091188430786133,4.630373477935791,2.1686623096466064,1.6256247758865356,0.008974496275186539,3.4589990377184576e-13,6.728452205657959,8.367714881896973,1.5548083782196045,1.598791480064392,0.7095964544874703
87,10.0,8.0,15.201227188110352,5.321996688842773,5.521368980407715,2.0196733474731445,1.9545022249221802,0.00018142288899980485,1.7253559692065323e-13,5.702427864074707,5.960699081420898,1.4828786849975586,1.5268981456756592,0.6786492993903934
88,10.0,9.0,15.448888778686523,5.372441291809082,4.911659240722656,2.030322551727295,1.8584580421447754,0.0001164362984127365,2.2154038315218977e-13,5.250772953033447,6.2660136222839355,1.506807565689087,1.5684772729873657,0.6846985025003309
89,10.0,10.0,16.200645446777344,5.349079608917236,5.580947399139404,2.017441987991333,1.9368282556533813,4.629818431567401e-05,8.774370119368768e-13,5.46770715713501,6.185527801513672,1.3942656517028809,1.5379668474197388,0.6818084245898298
90,11.0,2.0,0.8347875475883484,0.6895599365234375,0.3482630252838135,0.8262349963188171,0.41729068756103516,1.1247268915176392,2.8428648324307915e-14,0.012592182494699955,0.454102098941803,0.5656771063804626,0.8011975884437561,0.6689723443659673
91,11.0,3.0,4.397186279296875,1.7135697603225708,2.428894281387329,1.0677298307418823,1.1257963180541992,0.3976456820964813,8.420347752391422e-15,1.18877375125885,2.1126060485839844,0.6281428337097168,0.927984356880188,0.6696038320976628
92,11.0,4.0,7.2635955810546875,2.086252212524414,1.7794500589370728,1.3242870569229126,1.134544014930725,0.23111079633235931,2.8716612421320065e-14,1.5194047689437866,2.701627492904663,0.8856404423713684,1.0970220565795898,0.6814721062230268
93,11.0,5.0,28.881423950195312,9.308065414428711,5.25319766998291,2.450279712677002,1.8340482711791992,0.044099465012550354,2.8021543961066764e-13,4.390914440155029,9.888567924499512,1.4371296167373657,1.9133827686309814,0.8969979735450074
94,11.0,6.0,28.74042320251465,9.565053939819336,17.523345947265625,2.51234769821167,2.751999616622925,0.05718432366847992,1.7385919093282354e-13,6.24259090423584,9.418728828430176,1.5136867761611938,1.9050558805465698,0.7497098835828017
95,11.0,7.0,29.479045867919922,8.04769515991211,5.667238712310791,2.5143792629241943,1.9855453968048096,0.016568565741181374,2.3732651586137743e-13,6.877019882202148,8.49943733215332,1.7867834568023682,1.6843408346176147,0.7166507793634196
96,11.0,8.0,25.633363723754883,7.502294540405273,4.111074447631836,2.396186113357544,1.5838888883590698,0.012659408152103424,7.642862037693376e-13,6.231818199157715,7.5041422843933105,1.6356054544448853,1.7414367198944092,0.7136814601132189
97,11.0,9.0,20.60155487060547,6.937945365905762,5.961573123931885,2.3464462757110596,2.065542459487915,0.000743592157959938,6.175110336265055e-13,4.912220478057861,6.635578155517578,1.5251078605651855,1.6935737133026123,0.7443976865729286
98,11.0,10.0,17.928714752197266,6.829082489013672,6.591407775878906,2.3324761390686035,2.169123411178589,5.493233766173944e-05,3.6646936028318644e-13,5.010043144226074,5.798120021820068,1.6333837509155273,1.652416467666626,0.7070627037723415
99,12.0,2.0,0.435388445854187,0.18745093047618866,0.09467373788356781,0.43078577518463135,0.21757037937641144,0.45265066623687744,2.886579864025407e-14,0.009222762659192085,0.22027473151683807,0.2933879494667053,0.4673374593257904,0.6680240638958157
100,12.0,3.0,4.6503005027771,1.1551486253738403,1.5663169622421265,0.902417004108429,0.8436581492424011,0.01127746794372797,7.697546586412068e-15,1.2347475290298462,2.1129825115203857,0.5094223618507385,0.7709841728210449,0.6718408723587218
101,12.0,4.0,3.8956634998321533,1.2594856023788452,2.4396414756774902,0.8223490118980408,1.02372145652771,0.023163871839642525,1.559863349598345e-14,1.1329469680786133,1.7754783630371094,0.4134348928928375,0.6546301245689392,0.6683210972698552
102,12.0,5.0,9.292608261108398,1.7341421842575073,2.7211661338806152,0.9982681274414062,0.9786885976791382,0.017064113169908524,8.946454823710939e-14,1.4509806632995605,3.248312473297119,0.4336676299571991,0.7178115248680115,0.6894886878333704
103,12.0,6.0,13.963542938232422,2.8308908939361572,8.91768741607666,1.0967999696731567,1.6302741765975952,0.03654808551073074,3.442616675129566e-14,2.954277753829956,4.500840663909912,0.5572124123573303,0.7247326374053955,0.679045409660951
104,12.0,7.0,27.90564727783203,3.433295488357544,1.9360339641571045,1.4757896661758423,1.0666629076004028,0.014677576720714569,1.1273719859126313e-13,4.531070232391357,8.087050437927246,0.8183169960975647,0.8341569900512695,0.769914547731513
105,12.0,8.0,28.741548538208008,3.7766997814178467,1.57295560836792,1.4966784715652466,0.9295480847358704,0.019883133471012115,1.3069580140356862e-13,4.314239978790283,7.251018524169922,0.8096884489059448,0.9410290718078613,0.8287834944677003
106,12.0,9.0,12.177713394165039,1.5788220167160034,1.6795439720153809,1.0801842212677002,1.0710550546646118,0.0008436337811872363,1.2494326862184935e-13,2.802471160888672,3.8620033264160156,0.6469219923019409,0.7444452047348022,0.6853018131838682
107,12.0,10.0,8.87762451171875,1.7189370393753052,1.470712661743164,1.1064656972885132,1.0020742416381836,7.610325701534748e-05,2.4191759028955803e-14,2.7226204872131348,2.8653564453125,0.6378814578056335,0.7122839093208313,0.6703948751706149
108,13.0,2.0,0.3077116906642914,0.09362389892339706,0.04728520289063454,0.3044464886188507,0.15376150608062744,0.17803874611854553,2.886579864025407e-14,0.007143755909055471,0.15044596791267395,0.2146252691745758,0.30875176191329956,0.6676276061622033
109,13.0,3.0,2.7743093967437744,0.44896191358566284,0.6212379336357117,0.5587844848632812,0.540435254573822,0.06581919640302658,6.733618116118109e-16,0.6989351511001587,1.2236883640289307,0.30391764640808105,0.49914324283599854,0.6687635436730333
110,13.0,4.0,9.29531478881836,1.3472594022750854,0.8908153772354126,0.990337610244751,0.7981669902801514,0.014444009400904179,1.2004286453759505e-14,1.8808939456939697,3.6831963062286377,0.6486122012138367,0.8438414931297302,0.6884906446928017
111,13.0,5.0,7.174851894378662,0.9807854294776917,0.787960410118103,0.8760484457015991,0.7339670658111572,0.00430843373760581,6.908362601323447e-15,1.562720775604248,2.6749510765075684,0.5903607606887817,0.7141988277435303,0.6751723692941825
112,13.0,6.0,13.344704627990723,1.6142343282699585,2.0230178833007812,1.0458552837371826,1.0245288610458374,0.005193950608372688,1.2804572499687788e-14,1.897603988647461,4.064915180206299,0.6676024794578552,0.7456334829330444,0.70250308312527
113,13.0,7.0,15.648565292358398,2.6975948810577393,6.556561470031738,1.2748690843582153,1.5746463537216187,0.011036772280931473,4.1587765945826777e-14,2.4215986728668213,4.12724494934082,0.7110236883163452,0.8406723737716675,0.6950539187101643
114,13.0,8.0,19.82868003845215,1.8809677362442017,0.8860551118850708,1.1502615213394165,0.7189093828201294,0.006604533176869154,6.752627970674219e-14,3.3145480155944824,5.451131343841553,0.7341642379760742,0.8184367418289185,0.7274791569619385
115,13.0,9.0,11.09269905090332,1.3029192686080933,1.062725305557251,0.9879937767982483,0.8015344142913818,0.0006747998995706439,4.522925206563132e-14,2.779890537261963,3.443251848220825,0.6325207948684692,0.7192097306251526,0.6768487465676647
116,13.0,10.0,10.673446655273438,1.37666654586792,2.0321969985961914,1.0103973150253296,1.0683562755584717,0.0002077499812003225,2.404049249710334e-14,2.2967400550842285,2.990135669708252,0.6300757527351379,0.7007650136947632,0.6763112842811564
117,14.0,2.0,0.7369843125343323,0.5375683903694153,0.2714989185333252,0.7295154333114624,0.36844193935394287,0.2157464474439621,8.881784197001252e-15,0.016977164894342422,0.38247787952423096,0.4864776134490967,0.7295153737068176,0.6701542644935071
118,14.0,3.0,1.1791481971740723,0.5449346899986267,0.2983365058898926,0.7295488119125366,0.44314447045326233,0.21544334292411804,1.0566779215677707e-14,0.12555724382400513,0.5675916075706482,0.5079420804977417,0.6723371744155884,0.6706820812185048
119,14.0,4.0,10.077261924743652,2.147240400314331,2.666069507598877,1.2990119457244873,1.3567326068878174,0.012204771861433983,2.399825130283695e-13,2.283626079559326,4.113710880279541,0.9960152506828308,1.1366386413574219,0.6789129014469952
120,14.0,5.0,12.838446617126465,2.733474016189575,2.2960331439971924,1.4528477191925049,1.2795571088790894,0.008087581023573875,2.456063239071604e-13,2.6094672679901123,4.806774616241455,1.068164587020874,1.2156777381896973,0.6954939238610957
121,14.0,6.0,21.106800079345703,4.408929824829102,6.525531768798828,1.8548468351364136,2.126138925552368,0.006362804677337408,1.703174683535466e-13,2.5649912357330322,6.21051025390625,1.171895146369934,1.3970868587493896,0.7612584528220587
122,14.0,7.0,24.1627197265625,5.581467151641846,11.618377685546875,2.0418922901153564,2.5488674640655518,0.014279671013355255,1.7303668805972172e-13,3.4867680072784424,6.606204032897949,1.3063007593154907,1.3855206966400146,0.7531325189458046
123,14.0,8.0,12.811305046081543,3.0909841060638428,2.843745708465576,1.637387990951538,1.4831442832946777,0.0010014635045081377,2.2110785424800383e-13,3.189929485321045,3.6975455284118652,1.1622743606567383,1.2615834474563599,0.6763505899694607
124,14.0,9.0,14.001021385192871,3.15958309173584,2.385293960571289,1.6612766981124878,1.3524630069732666,0.0004028034454677254,3.619882171790323e-13,3.256697177886963,4.146185398101807,1.1677385568618774,1.263473391532898,0.6852683307444161
125,14.0,10.0,15.388662338256836,3.242725133895874,3.4901363849639893,1.6496201753616333,1.5732403993606567,6.3077372033149e-05,3.601910436579203e-13,3.049673080444336,4.11042594909668,1.130554437637329,1.1972981691360474,0.6981787584240274
126,15.0,2.0,0.21550437808036804,0.04594968259334564,0.023206597194075584,0.21328428387641907,0.10771860927343369,0.01077662967145443,1.7802599672211983e-15,0.0047599077224731445,0.10731418430805206,0.1472817212343216,0.21716223657131195,0.6673528453157385
127,15.0,3.0,0.9063220620155334,0.09301512688398361,0.1301557868719101,0.24777546525001526,0.26569846272468567,0.01708710752427578,2.726479413807793e-15,0.26549315452575684,0.42817971110343933,0.15323038399219513,0.21540139615535736,0.6673157683533325
128,15.0,4.0,5.820558547973633,0.486928790807724,0.4391123056411743,0.6068455576896667,0.5663018226623535,0.03016994148492813,4.298861613905025e-15,1.1163480281829834,2.341142416000366,0.40342622995376587,0.5162473917007446,0.6741970359290698
129,15.0,5.0,7.310122489929199,0.4445697069168091,0.8343613743782043,0.5539603233337402,0.6964983940124512,0.012539107352495193,3.87864755233263e-14,1.4326980113983154,2.608752489089966,0.3398456871509552,0.4498751163482666,0.6732249337134436
130,15.0,6.0,9.957454681396484,0.938834547996521,2.8659305572509766,0.6672829985618591,0.9725028872489929,0.018266355618834496,2.4544024785125816e-14,2.1689460277557373,3.207282304763794,0.3753177225589752,0.4593937397003174,0.6744586450819885
131,15.0,7.0,27.452762603759766,2.1477653980255127,3.749502182006836,1.034175157546997,1.1230388879776,0.0163132194429636,3.0138225086146636e-14,4.183220863342285,7.537592887878418,0.5084308981895447,0.6499611735343933,0.7884566405605484
132,15.0,8.0,27.49994468688965,2.493760347366333,0.45681196451187134,0.9470313191413879,0.5757454037666321,0.017520885914564133,1.345986039638647e-13,4.062448024749756,6.995386600494385,0.48506319522857666,0.5818747282028198,0.8682375741700835
133,15.0,9.0,10.018096923828125,0.3762265741825104,0.681900143623352,0.49911460280418396,0.5663516521453857,0.0008996161050163209,5.912795210047395e-13,2.381627082824707,3.2173428535461426,0.3398338556289673,0.3910714387893677,0.6732434341595851
134,15.0,10.0,9.768467903137207,0.3637164831161499,0.4188217520713806,0.4888385534286499,0.5033767223358154,0.0002264355425722897,4.644149512655557e-14,2.3470067977905273,2.8714277744293213,0.35081395506858826,0.3552747964859009,0.6742471056758618
135,16.0,2.0,0.29633110761642456,0.0868077278137207,0.043841660022735596,0.29315465688705444,0.14805684983730316,0.3137482702732086,1.5987211554602254e-14,0.005108670797199011,0.14932413399219513,0.2032431662082672,0.3008536398410797,0.6711270491097802
136,16.0,3.0,5.56232213973999,1.1244450807571411,0.7465174198150635,0.9022481441497803,0.5970705151557922,0.17038479447364807,7.885474906507359e-14,1.2124096155166626,2.468757152557373,0.47786644101142883,0.8123830556869507,0.6813897745440722
137,16.0,4.0,17.920337677001953,4.276822090148926,2.4773058891296387,1.6270828247070312,1.3037714958190918,0.17698465287685394,3.3617900130344935e-13,3.3556301593780518,7.04782772064209,0.9080892205238342,1.3532418012619019,0.7573637243835796
138,16.0,5.0,13.154735565185547,2.6881508827209473,5.422379970550537,1.4258984327316284,1.7710155248641968,0.0014766325475648046,2.212674521959255e-14,3.519637107849121,4.909167766571045,0.9180610179901123,1.1403030157089233,0.6779537603148569
139,16.0,6.0,14.126230239868164,3.266798734664917,7.243795871734619,1.5442487001419067,1.885301947593689,0.0052427686750888824,1.0504054901274221e-13,3.30532169342041,4.923700332641602,0.9285067319869995,1.0999934673309326,0.6838803370330504
140,16.0,7.0,12.21383285522461,2.6201300621032715,4.250676155090332,1.4385430812835693,1.6255885362625122,0.0010533711174502969,7.260870778322964e-14,3.2312734127044678,4.011231899261475,0.8925414085388184,0.9616757035255432,0.680782996143549
141,16.0,8.0,17.925382614135742,2.8068454265594482,2.134493589401245,1.4777356386184692,1.188673734664917,0.003763119922950864,5.667384964103128e-14,4.129233360290527,5.514072418212891,0.8974878191947937,0.9881336688995361,0.7010829334902368
142,16.0,9.0,11.4423189163208,2.2775158882141113,2.0021536350250244,1.3688478469848633,1.1970598697662354,0.00016461749328300357,1.4470147085762775e-13,3.2600176334381104,3.9593570232391357,0.8809939026832581,0.9817891716957092,0.6780512887446551
143,16.0,10.0,12.027618408203125,2.3705899715423584,2.850886821746826,1.354135274887085,1.2864649295806885,8.319708285853267e-05,9.880880564704791e-14,3.2947943210601807,3.778470754623413,0.8696214556694031,0.9506548047065735,0.6763971413010494
144,17.0,2.0,0.5210010409355164,0.2684066891670227,0.1355566680431366,0.5154828429222107,0.26034271717071533,0.22236625850200653,3.019806626980426e-14,0.014164621010422707,0.25889474153518677,0.34724223613739014,0.5009035468101501,0.668429141605877
145,17.0,3.0,5.015712738037109,1.4152413606643677,1.944008469581604,0.994774341583252,0.9497285485267639,0.24559162557125092,4.3044272979948436e-14,1.2652881145477295,2.302170991897583,0.5412859320640564,0.9309967756271362,0.6724329060563201
146,17.0,4.0,11.69297981262207,2.672590970993042,1.5788406133651733,1.418371558189392,0.9178265333175659,0.4614657163619995,3.441170959295192e-13,2.307541608810425,4.574707508087158,0.9314703345298767,1.1672431230545044,0.7042821177997699
147,17.0,5.0,28.690570831298828,5.561734199523926,5.735535621643066,2.0111114978790283,1.8669782876968384,0.03748098760843277,9.969802761133906e-14,5.425714015960693,10.328795433044434,1.3657232522964478,1.5128525495529175,0.7915125695005509
148,17.0,6.0,27.037391662597656,6.109091758728027,11.195465087890625,2.092766523361206,2.4953486919403076,0.05594166740775108,2.7986871514403856e-14,5.7811408042907715,8.553773880004883,1.2847740650177002,1.5373728275299072,0.7289265784059211
149,17.0,7.0,29.42735481262207,4.1362624168396,10.363065719604492,1.6693333387374878,2.1981277465820312,0.022229136899113655,4.2444024098316213e-13,6.693592548370361,9.582857131958008,1.1094179153442383,1.1967558860778809,0.7164113391297473
150,17.0,8.0,26.181415557861328,3.4001123905181885,2.240290641784668,1.6012545824050903,1.1853870153427124,0.014156157150864601,2.953210592737676e-13,5.968698501586914,7.8665995597839355,1.1637669801712036,1.1753748655319214,0.7524148432618145
151,17.0,9.0,16.479013442993164,2.8933417797088623,2.4232263565063477,1.5290114879608154,1.3084908723831177,0.00033852539490908384,1.006803039375892e-12,4.888028144836426,5.75892972946167,1.100895643234253,1.219944953918457,0.6902505777229607
152,17.0,10.0,17.334211349487305,2.81416654586792,2.596888780593872,1.5101196765899658,1.4029638767242432,0.0005842443206347525,2.5919267817101077e-13,4.790533065795898,5.601612091064453,1.029902696609497,1.1144819259643555,0.6927896321586905
153,18.0,2.0,0.02099054679274559,0.00042100020800717175,0.0002126640611095354,0.020415442064404488,0.010311742313206196,0.5974591970443726,7.105427357601002e-15,0.0004984083352610469,0.009680160321295261,0.013980608433485031,0.02177646942436695,0.6720995857175989
154,18.0,3.0,8.131514549255371,2.4618325233459473,2.401453733444214,1.3520240783691406,0.9196035265922546,0.16351136565208435,3.6126657221302594e-13,1.8694108724594116,3.5290393829345703,0.7136549353599548,1.2309401035308838,0.6910511634937148
155,18.0,4.0,13.092623710632324,3.5113155841827393,0.9578670263290405,1.5153955221176147,0.7406676411628723,0.29020246863365173,4.059539163159265e-13,2.5382914543151855,5.253660202026367,0.8889992237091064,1.2552669048309326,0.7344172088018915
156,18.0,5.0,18.360008239746094,3.5214004516601562,3.903010606765747,1.674196481704712,1.5820176601409912,0.0018111722311004996,2.1167095853869e-14,4.221263885498047,6.976978302001953,1.1419633626937866,1.3264514207839966,0.6984834810531709
157,18.0,6.0,17.867860794067383,3.811089277267456,5.717980861663818,1.717729926109314,2.000437021255493,0.0029044749680906534,1.292322775485119e-13,4.4889140129089355,6.418673038482666,1.171156883239746,1.250118374824524,0.6885563797371878
158,18.0,7.0,17.180419921875,3.6735639572143555,5.026467323303223,1.6833882331848145,1.888142466545105,0.0027479627169668674,6.82945792474833e-14,4.132834434509277,5.54805326461792,1.135308861732483,1.145372748374939,0.6867053336643463
159,18.0,8.0,17.31915283203125,3.383862257003784,3.0088400840759277,1.6160084009170532,1.4439514875411987,0.0006076625431887805,1.16998533257473e-13,4.14487361907959,5.443696975708008,1.1874619722366333,1.2159672975540161,0.701641045506224
160,18.0,9.0,14.834555625915527,3.1108100414276123,2.713951826095581,1.5233949422836304,1.3437247276306152,0.00015591963892802596,8.288586017621974e-14,4.213411808013916,5.021667003631592,1.0906230211257935,1.1882861852645874,0.6830389942896149
161,18.0,10.0,12.705401420593262,3.1025094985961914,2.7764716148376465,1.5103974342346191,1.4205893278121948,0.00010727439075708389,4.455082272059388e-14,4.128651142120361,4.327790260314941,1.1481425762176514,1.1496552228927612,0.6776967934540463
162,19.0,2.0,0.19249561429023743,0.03667474165558815,0.018522562459111214,0.19054655730724335,0.09623555094003677,0.1252811998128891,1.7763568394002505e-15,0.0030859035905450583,0.0943182185292244,0.13345453143119812,0.18977667391300201,0.6680286631419996
163,19.0,3.0,2.315476894378662,0.20532293617725372,0.1027291789650917,0.37952378392219543,0.24069742858409882,0.061263907700777054,2.588716188026835e-13,0.5135948657989502,1.0014138221740723,0.21689848601818085,0.32901883125305176,0.6699605187052238
164,19.0,4.0,8.128616333007812,0.8666284084320068,0.5441140532493591,0.7339881062507629,0.6014719009399414,0.0019969819113612175,9.74359481986653e-14,1.5615253448486328,3.0725889205932617,0.39889204502105713,0.5840039849281311,0.6862368034952401
165,19.0,5.0,8.1553955078125,0.8864166736602783,0.6439355611801147,0.7561097145080566,0.6363590359687805,0.0004907746333628893,1.0104139476063007e-13,1.6060518026351929,2.9960484504699707,0.42533236742019653,0.5767676830291748,0.684465012819782
166,19.0,6.0,6.268268585205078,0.7541981339454651,0.32955417037010193,0.7236595749855042,0.47881045937538147,0.000126531784189865,6.150635556423367e-14,1.551284670829773,2.1952366828918457,0.42090904712677,0.5188453197479248,0.6767933573989428
167,19.0,7.0,6.4959588050842285,0.7779427170753479,0.33888450264930725,0.7295884490013123,0.500530481338501,0.00015622575301676989,3.056483492409716e-14,1.634799599647522,2.1036360263824463,0.4147752523422241,0.4819037616252899,0.6782686316072172
168,19.0,8.0,6.19631814956665,0.7555419206619263,0.34576287865638733,0.7430161833763123,0.5155596733093262,0.0005195660050958395,3.658184866139891e-14,1.6483160257339478,2.037346839904785,0.4428630471229553,0.4983883202075958,0.6715197338994345
169,19.0,9.0,8.257415771484375,0.8561050295829773,0.8898445963859558,0.7385836839675903,0.704496443271637,0.0002156274567823857,6.926095574887395e-14,1.665008544921875,2.4069292545318604,0.41357219219207764,0.4672182500362396,0.6815883900177852
170,19.0,10.0,8.151436805725098,0.8060910701751709,0.6320075988769531,0.7516411542892456,0.6601489186286926,8.722002530703321e-05,4.8312743372970826e-14,1.6000795364379883,2.356353521347046,0.44241926074028015,0.47384876012802124,0.6836584405837152
171,20.0,2.0,0.5397049188613892,0.28822994232177734,0.14557009935379028,0.5341793894767761,0.2697870433330536,0.6110745072364807,1.7766343951564068e-13,0.010831312276422977,0.26227501034736633,0.3537868559360504,0.5352585315704346,0.6679633510937436
172,20.0,3.0,2.8077926635742188,0.7073882818222046,1.0023378133773804,0.6857654452323914,0.7240128517150879,0.17521266639232635,5.093333202166881e-15,0.7291301488876343,1.2241765260696411,0.4159926176071167,0.6408650875091553,0.6681894440770605
173,20.0,4.0,5.874996185302734,1.2844165563583374,2.9295783042907715,0.7595514059066772,1.115242838859558,0.3017849326133728,1.475642524839671e-14,1.3839638233184814,2.5678348541259766,0.34812912344932556,0.6059473752975464,0.6701183976818841
174,20.0,5.0,25.97565460205078,5.668261528015137,8.089064598083496,1.699427604675293,1.8013397455215454,0.02306251972913742,1.604417960250279e-13,4.236120223999023,8.953926086425781,0.8035117387771606,1.3099868297576904,0.8102047424476125
175,20.0,6.0,26.641151428222656,5.818765163421631,6.232051849365234,1.7088398933410645,1.7269729375839233,0.021022269502282143,2.8173874366300977e-13,3.992704153060913,8.000326156616211,0.7942094802856445,1.189727783203125,0.8342211471499927
176,20.0,7.0,25.652162551879883,4.971246242523193,3.264225482940674,1.793452262878418,1.39289128780365,0.015734707936644554,1.0265300707992114e-13,5.320096492767334,7.755112648010254,0.9542584419250488,1.1350029706954956,0.7419491628908986
177,20.0,8.0,15.588897705078125,3.6292953491210938,2.389878034591675,1.5731509923934937,1.238620638847351,0.00276150438003242,1.6473464031687562e-13,4.197183609008789,4.905913352966309,0.8492447733879089,0.9571158289909363,0.6808113022784469
178,20.0,9.0,16.563203811645508,3.8798677921295166,3.4073896408081055,1.6196112632751465,1.5052253007888794,0.00032244675094261765,1.9291676817221465e-13,4.307324409484863,5.587760925292969,0.8388598561286926,1.0885121822357178,0.6977903992295362
179,20.0,10.0,19.775915145874023,3.7365713119506836,2.4148921966552734,1.5643036365509033,1.3271642923355103,0.0003522300685290247,1.2594912363484562e-13,4.343449592590332,5.682750225067139,0.8127388954162598,0.9397032260894775,0.753364037355259
